modelo,fpr,tpr,umbral
Baseline mayoritaria,0.0,0.0,inf
Baseline mayoritaria,1.0,1.0,0.0
Naive Bayes complementario,0.0,0.0,inf
Naive Bayes complementario,0.0,0.0030581039755351682,0.9999427455447336
Naive Bayes complementario,0.0,0.0045871559633027525,0.9999388016225317
Naive Bayes complementario,0.0,0.012232415902140673,0.9999027542969268
Naive Bayes complementario,0.0,0.01529051987767584,0.999817308045294
Naive Bayes complementario,0.0,0.022935779816513763,0.9998100229725971
Naive Bayes complementario,0.0,0.03363914373088685,0.9997864263965095
Naive Bayes complementario,0.0,0.03669724770642202,0.9997495028623355
Naive Bayes complementario,0.0,0.039755351681957186,0.999683156992269
Naive Bayes complementario,0.0,0.04434250764525994,0.9996760331623711
Naive Bayes complementario,0.0,0.047400611620795105,0.999662938609026
Naive Bayes complementario,0.0,0.053516819571865444,0.9996586133553655
Naive Bayes complementario,0.0,0.05657492354740061,0.9996531463220107
Naive Bayes complementario,0.0,0.05963302752293578,0.9995858268918426
Naive Bayes complementario,0.0,0.06269113149847094,0.999550426721524
Naive Bayes complementario,0.0,0.0672782874617737,0.9994632876954922
Naive Bayes complementario,0.0,0.07186544342507645,0.9993854009281247
Naive Bayes complementario,0.0,0.0779816513761468,0.9992726831224408
Naive Bayes complementario,0.0,0.08103975535168195,0.999229749146343
Naive Bayes complementario,0.0,0.08409785932721713,0.999169689187441
Naive Bayes complementario,0.0,0.0871559633027523,0.9991696525535666
Naive Bayes complementario,0.0,0.09327217125382263,0.9988028714380067
Naive Bayes complementario,0.0,0.09785932721712538,0.9986175769434436
Naive Bayes complementario,0.0,0.11009174311926606,0.9976731050403141
Naive Bayes complementario,0.0,0.12232415902140673,0.9976507026151166
Naive Bayes complementario,0.0,0.12538226299694188,0.9975542178876164
Naive Bayes complementario,0.0,0.1452599388379205,0.9947798511903043
Naive Bayes complementario,0.0,0.14831804281345565,0.994738939066121
Naive Bayes complementario,0.0,0.1636085626911315,0.9934156152309109
Naive Bayes complementario,0.0,0.16819571865443425,0.9933724924581725
Naive Bayes complementario,0.0,0.1926605504587156,0.9885638106199254
Naive Bayes complementario,0.0011507479861910242,0.1926605504587156,0.9876204239118875
Naive Bayes complementario,0.0011507479861910242,0.19571865443425077,0.9873104921585085
Naive Bayes complementario,0.0011507479861910242,0.21712538226299694,0.9786491828074884
Naive Bayes complementario,0.0023014959723820483,0.21865443425076453,0.9786417170248983
Naive Bayes complementario,0.0023014959723820483,0.22629969418960244,0.9757868849086317
Naive Bayes complementario,0.0034522439585730723,0.22629969418960244,0.9750064539332881
Naive Bayes complementario,0.0034522439585730723,0.2415902140672783,0.970311890688969
Naive Bayes complementario,0.004602991944764097,0.2415902140672783,0.9699830628647784
Naive Bayes complementario,0.004602991944764097,0.24617737003058104,0.9688799079959479
Naive Bayes complementario,0.004602991944764097,0.25229357798165136,0.9685093963878378
Naive Bayes complementario,0.004602991944764097,0.25688073394495414,0.9665941906241823
Naive Bayes complementario,0.005753739930955121,0.25688073394495414,0.9664396432775674
Naive Bayes complementario,0.005753739930955121,0.2599388379204893,0.9663480868127762
Naive Bayes complementario,0.005753739930955121,0.28440366972477066,0.9562102890153624
Naive Bayes complementario,0.006904487917146145,0.28593272171253825,0.9554689488375012
Naive Bayes complementario,0.006904487917146145,0.3287461773700306,0.9423136502142928
Naive Bayes complementario,0.00805523590333717,0.3287461773700306,0.9415128967048058
Naive Bayes complementario,0.00805523590333717,0.36850152905198774,0.9141115619400818
Naive Bayes complementario,0.009205983889528193,0.36850152905198774,0.9124000339521763
Naive Bayes complementario,0.009205983889528193,0.39602446483180426,0.8913497341989569
Naive Bayes complementario,0.012658227848101266,0.39602446483180426,0.8870478056191099
Naive Bayes complementario,0.012658227848101266,0.39755351681957185,0.8869784446124639
Naive Bayes complementario,0.01380897583429229,0.39755351681957185,0.8868349851361942
Naive Bayes complementario,0.01380897583429229,0.40061162079510704,0.8867835365116981
Naive Bayes complementario,0.01380897583429229,0.42507645259938837,0.8650755184278109
Naive Bayes complementario,0.014959723820483314,0.42507645259938837,0.8649421898942893
Naive Bayes complementario,0.014959723820483314,0.4617737003058104,0.8300615536370171
Naive Bayes complementario,0.01611047180667434,0.4617737003058104,0.8271658551800211
Naive Bayes complementario,0.01611047180667434,0.463302752293578,0.8261967197180461
Naive Bayes complementario,0.01726121979286536,0.463302752293578,0.8260832454398406
Naive Bayes complementario,0.01726121979286536,0.46636085626911317,0.8225982620040309
Naive Bayes complementario,0.018411967779056387,0.46636085626911317,0.8224655957724434
Naive Bayes complementario,0.018411967779056387,0.4785932721712538,0.8176064793613174
Naive Bayes complementario,0.019562715765247412,0.4785932721712538,0.8155597995426714
Naive Bayes complementario,0.019562715765247412,0.4892966360856269,0.809558371182308
Naive Bayes complementario,0.020713463751438434,0.4892966360856269,0.8094926261826882
Naive Bayes complementario,0.020713463751438434,0.4908256880733945,0.8089807305202452
Naive Bayes complementario,0.02186421173762946,0.4908256880733945,0.8083633685414306
Naive Bayes complementario,0.02186421173762946,0.5076452599388379,0.796701341115718
Naive Bayes complementario,0.023014959723820484,0.5076452599388379,0.7934656131199762
Naive Bayes complementario,0.023014959723820484,0.5122324159021406,0.7914968088268706
Naive Bayes complementario,0.024165707710011506,0.5122324159021406,0.7913212349529954
Naive Bayes complementario,0.024165707710011506,0.5137614678899083,0.7907941055638914
Naive Bayes complementario,0.024165707710011506,0.5168195718654435,0.7894581312175437
Naive Bayes complementario,0.02531645569620253,0.5168195718654435,0.7883823850878411
Naive Bayes complementario,0.02531645569620253,0.5290519877675841,0.7769386959759441
Naive Bayes complementario,0.026467203682393557,0.5290519877675841,0.7754996519355317
Naive Bayes complementario,0.026467203682393557,0.5351681957186545,0.7700326912031547
Naive Bayes complementario,0.02761795166858458,0.5351681957186545,0.7688251587836743
Naive Bayes complementario,0.02761795166858458,0.5458715596330275,0.7596789138612373
Naive Bayes complementario,0.02991944764096663,0.5458715596330275,0.7587452640535758
Naive Bayes complementario,0.02991944764096663,0.5489296636085627,0.7543981505117684
Naive Bayes complementario,0.031070195627157654,0.5489296636085627,0.7509547747385417
Naive Bayes complementario,0.031070195627157654,0.5596330275229358,0.740399166665918
Naive Bayes complementario,0.03222094361334868,0.5596330275229358,0.7353088474468695
Naive Bayes complementario,0.03222094361334868,0.5626911314984709,0.7350159558093701
Naive Bayes complementario,0.0333716915995397,0.5626911314984709,0.7339614096928728
Naive Bayes complementario,0.0333716915995397,0.5642201834862385,0.7338020941782626
Naive Bayes complementario,0.03452243958573072,0.5642201834862385,0.7310269819073528
Naive Bayes complementario,0.03452243958573072,0.5718654434250765,0.7256006167356288
Naive Bayes complementario,0.03567318757192175,0.5718654434250765,0.7228382609300538
Naive Bayes complementario,0.03567318757192175,0.5795107033639144,0.71700005781662
Naive Bayes complementario,0.0379746835443038,0.5795107033639144,0.7168060083498392
Naive Bayes complementario,0.0379746835443038,0.5825688073394495,0.7135677922906881
Naive Bayes complementario,0.039125431530494824,0.5825688073394495,0.7108307904974572
Naive Bayes complementario,0.039125431530494824,0.5902140672782875,0.7065319752908994
Naive Bayes complementario,0.04027617951668585,0.5902140672782875,0.7053381912851576
Naive Bayes complementario,0.04027617951668585,0.5932721712538226,0.7049049520138765
Naive Bayes complementario,0.04142692750287687,0.5932721712538226,0.7040619983414753
Naive Bayes complementario,0.04142692750287687,0.599388379204893,0.6990575641394801
Naive Bayes complementario,0.04257767548906789,0.599388379204893,0.6934045062354547
Naive Bayes complementario,0.04257767548906789,0.6024464831804281,0.6921537002178791
Naive Bayes complementario,0.04372842347525892,0.6024464831804281,0.6914709400499996
Naive Bayes complementario,0.04372842347525892,0.6100917431192661,0.6857574596995246
Naive Bayes complementario,0.04602991944764097,0.6100917431192661,0.6829826804903141
Naive Bayes complementario,0.04602991944764097,0.6116207951070336,0.6823269790307815
Naive Bayes complementario,0.047180667433831994,0.6116207951070336,0.6810342328265736
Naive Bayes complementario,0.047180667433831994,0.6146788990825688,0.6764943560947524
Naive Bayes complementario,0.04833141542002301,0.6146788990825688,0.676234659402809
Naive Bayes complementario,0.04833141542002301,0.6162079510703364,0.6761366960888752
Naive Bayes complementario,0.04948216340621404,0.6162079510703364,0.6752420981110698
Naive Bayes complementario,0.04948216340621404,0.617737003058104,0.6741515907379061
Naive Bayes complementario,0.05408515535097814,0.617737003058104,0.6695487474292261
Naive Bayes complementario,0.05408515535097814,0.6284403669724771,0.6598695857250079
Naive Bayes complementario,0.05638665132336018,0.6284403669724771,0.6587386272336234
Naive Bayes complementario,0.05638665132336018,0.6299694189602446,0.6574145965329864
Naive Bayes complementario,0.05753739930955121,0.6299694189602446,0.6566313058946568
Naive Bayes complementario,0.05753739930955121,0.6314984709480123,0.6536923144175847
Naive Bayes complementario,0.06098964326812428,0.6314984709480123,0.6532084800464988
Naive Bayes complementario,0.06098964326812428,0.636085626911315,0.6480286450752081
Naive Bayes complementario,0.06559263521288838,0.636085626911315,0.6401787688525037
Naive Bayes complementario,0.06559263521288838,0.6422018348623854,0.6396701124728353
Naive Bayes complementario,0.06789413118527042,0.6422018348623854,0.6375587008352973
Naive Bayes complementario,0.06789413118527042,0.6437308868501529,0.6330897523458852
Naive Bayes complementario,0.06904487917146145,0.6437308868501529,0.6317932007605218
Naive Bayes complementario,0.06904487917146145,0.6452599388379205,0.6315969553066233
Naive Bayes complementario,0.07249712313003452,0.6452599388379205,0.629133670990457
Naive Bayes complementario,0.07249712313003452,0.6467889908256881,0.6291111808006851
Naive Bayes complementario,0.0805523590333717,0.6467889908256881,0.6200066088262
Naive Bayes complementario,0.0805523590333717,0.6483180428134556,0.6182787068651356
Naive Bayes complementario,0.08170310701956271,0.6483180428134556,0.6176417099983491
Naive Bayes complementario,0.08170310701956271,0.6498470948012233,0.6158638314986524
Naive Bayes complementario,0.08285385500575373,0.6498470948012233,0.6143179350864629
Naive Bayes complementario,0.08285385500575373,0.6605504587155964,0.6058359549307806
Naive Bayes complementario,0.08400460299194476,0.6605504587155964,0.6046532483262834
Naive Bayes complementario,0.08400460299194476,0.6681957186544343,0.6018497939584704
Naive Bayes complementario,0.08515535097813579,0.6681957186544343,0.5954114831370477
Naive Bayes complementario,0.08515535097813579,0.6697247706422018,0.5936887191166956
Naive Bayes complementario,0.08630609896432681,0.6697247706422018,0.5933569095062705
Naive Bayes complementario,0.08630609896432681,0.6712538226299695,0.59170045502777
Naive Bayes complementario,0.08745684695051784,0.6712538226299695,0.5893801449505441
Naive Bayes complementario,0.08745684695051784,0.6743119266055045,0.5809228084777667
Naive Bayes complementario,0.08860759493670886,0.6743119266055045,0.5800419803871777
Naive Bayes complementario,0.08860759493670886,0.6773700305810397,0.577801458733664
Naive Bayes complementario,0.08975834292289989,0.6773700305810397,0.5772866714896054
Naive Bayes complementario,0.08975834292289989,0.6788990825688074,0.5763724612599644
Naive Bayes complementario,0.09090909090909091,0.6788990825688074,0.5757094114648614
Naive Bayes complementario,0.09090909090909091,0.6804281345565749,0.5754273011003856
Naive Bayes complementario,0.09205983889528194,0.6804281345565749,0.573481889415156
Naive Bayes complementario,0.09205983889528194,0.6850152905198776,0.5727661510587634
Naive Bayes complementario,0.09436133486766399,0.6850152905198776,0.5707582159271324
Naive Bayes complementario,0.09436133486766399,0.6896024464831805,0.5664256902288483
Naive Bayes complementario,0.09551208285385501,0.6896024464831805,0.5649570737910982
Naive Bayes complementario,0.09551208285385501,0.691131498470948,0.5640750285044464
Naive Bayes complementario,0.09896432681242807,0.691131498470948,0.5605942480711464
Naive Bayes complementario,0.09896432681242807,0.6926605504587156,0.5602237090568389
Naive Bayes complementario,0.1001150747986191,0.6926605504587156,0.5555624061542371
Naive Bayes complementario,0.1001150747986191,0.6972477064220184,0.5494226633953586
Naive Bayes complementario,0.10126582278481013,0.6972477064220184,0.5485477622916548
Naive Bayes complementario,0.10126582278481013,0.7003058103975535,0.5484342531427485
Naive Bayes complementario,0.10356731875719218,0.7003058103975535,0.5476571533978625
Naive Bayes complementario,0.10356731875719218,0.7018348623853211,0.5476565017648295
Naive Bayes complementario,0.1047180667433832,0.7018348623853211,0.5467365760532259
Naive Bayes complementario,0.1047180667433832,0.7064220183486238,0.5465040668583946
Naive Bayes complementario,0.10586881472957423,0.7064220183486238,0.5459646088835733
Naive Bayes complementario,0.10586881472957423,0.7079510703363915,0.5429531516917425
Naive Bayes complementario,0.10701956271576525,0.7079510703363915,0.541948725357246
Naive Bayes complementario,0.10701956271576525,0.709480122324159,0.5403410164297502
Naive Bayes complementario,0.11047180667433831,0.709480122324159,0.5397825895874448
Naive Bayes complementario,0.11277330264672036,0.709480122324159,0.5372338388049815
Naive Bayes complementario,0.11277330264672036,0.7110091743119266,0.5367095891714154
Naive Bayes complementario,0.11392405063291139,0.7110091743119266,0.5351199602325051
Naive Bayes complementario,0.11392405063291139,0.7125382262996942,0.5343955797141887
Naive Bayes complementario,0.11507479861910241,0.7125382262996942,0.532711855110258
Naive Bayes complementario,0.11507479861910241,0.7155963302752294,0.5299003031949903
Naive Bayes complementario,0.11622554660529344,0.7155963302752294,0.5289569429715376
Naive Bayes complementario,0.11622554660529344,0.7186544342507645,0.5276532131693196
Naive Bayes complementario,0.11737629459148446,0.7186544342507645,0.527068494510092
Naive Bayes complementario,0.11737629459148446,0.7201834862385321,0.5258741228570563
Naive Bayes complementario,0.11852704257767549,0.7201834862385321,0.5254718865415368
Naive Bayes complementario,0.11852704257767549,0.7217125382262997,0.524692185335126
Naive Bayes complementario,0.11967779056386652,0.7217125382262997,0.5232217784182647
Naive Bayes complementario,0.11967779056386652,0.7232415902140673,0.5210832468789628
Naive Bayes complementario,0.12313003452243959,0.7232415902140673,0.5174640412853849
Naive Bayes complementario,0.12313003452243959,0.7247706422018348,0.515969815856422
Naive Bayes complementario,0.12428078250863062,0.7247706422018348,0.5153795793049867
Naive Bayes complementario,0.12428078250863062,0.7293577981651376,0.5115789794963027
Naive Bayes complementario,0.12543153049482164,0.7293577981651376,0.511311298055631
Naive Bayes complementario,0.12543153049482164,0.7308868501529052,0.5067452263697164
Naive Bayes complementario,0.12888377445339472,0.7308868501529052,0.5047550910127618
Naive Bayes complementario,0.12888377445339472,0.7324159021406728,0.5032073192594311
Naive Bayes complementario,0.1380897583429229,0.7339449541284404,0.5
Naive Bayes complementario,0.13924050632911392,0.7339449541284404,0.4977372101211123
Naive Bayes complementario,0.13924050632911392,0.735474006116208,0.4957942070774787
Naive Bayes complementario,0.14844649021864212,0.735474006116208,0.4897167797880787
Naive Bayes complementario,0.14844649021864212,0.7370030581039755,0.489181228155194
Naive Bayes complementario,0.14959723820483314,0.7370030581039755,0.4887060422379341
Naive Bayes complementario,0.14959723820483314,0.7385321100917431,0.48868333069710734
Naive Bayes complementario,0.1518987341772152,0.7385321100917431,0.4877452084626252
Naive Bayes complementario,0.1518987341772152,0.7415902140672783,0.4851645802125608
Naive Bayes complementario,0.15420023014959724,0.7415902140672783,0.4839155734798568
Naive Bayes complementario,0.15420023014959724,0.7477064220183486,0.4816780459837786
Naive Bayes complementario,0.15535097813578827,0.7477064220183486,0.4811486301113398
Naive Bayes complementario,0.15535097813578827,0.7492354740061162,0.4803445060128226
Naive Bayes complementario,0.15880322209436135,0.7492354740061162,0.4793112133548476
Naive Bayes complementario,0.15880322209436135,0.7507645259938838,0.47902133415022774
Naive Bayes complementario,0.15995397008055237,0.7507645259938838,0.47811251713340075
Naive Bayes complementario,0.15995397008055237,0.7675840978593272,0.4602273513222822
Naive Bayes complementario,0.16800920598388952,0.7675840978593272,0.4549245031367544
Naive Bayes complementario,0.16800920598388952,0.7706422018348624,0.4511965614490652
Naive Bayes complementario,0.17376294591484465,0.7706422018348624,0.44680344052532084
Naive Bayes complementario,0.17376294591484465,0.77217125382263,0.4467637078200476
Naive Bayes complementario,0.1760644418872267,0.77217125382263,0.4457329409001355
Naive Bayes complementario,0.17721518987341772,0.77217125382263,0.44102375539997946
Naive Bayes complementario,0.17721518987341772,0.7813455657492355,0.4378538776668938
Naive Bayes complementario,0.18757192174913695,0.7813455657492355,0.429211081129242
Naive Bayes complementario,0.18757192174913695,0.7828746177370031,0.4261143392430635
Naive Bayes complementario,0.18872266973532797,0.7828746177370031,0.4256213149418637
Naive Bayes complementario,0.18872266973532797,0.7844036697247706,0.42519953341058514
Naive Bayes complementario,0.19102416570771003,0.7844036697247706,0.4227676772271872
Naive Bayes complementario,0.19332566168009205,0.7844036697247706,0.42162102602686313
Naive Bayes complementario,0.19907940161104717,0.7844036697247706,0.41500498872441466
Naive Bayes complementario,0.19907940161104717,0.7859327217125383,0.4146179497919703
Naive Bayes complementario,0.20253164556962025,0.7859327217125383,0.4129752994550297
Naive Bayes complementario,0.20253164556962025,0.7889908256880734,0.41081302629429733
Naive Bayes complementario,0.20368239355581128,0.7889908256880734,0.4107741871605837
Naive Bayes complementario,0.20368239355581128,0.790519877675841,0.40943737466153135
Naive Bayes complementario,0.20713463751438435,0.790519877675841,0.40629842700845176
Naive Bayes complementario,0.20713463751438435,0.7920489296636085,0.4062403772796541
Naive Bayes complementario,0.2094361334867664,0.7920489296636085,0.40420250157330406
Naive Bayes complementario,0.2094361334867664,0.7935779816513762,0.4041098961135112
Naive Bayes complementario,0.21058688147295743,0.7935779816513762,0.4039096244826578
Naive Bayes complementario,0.21058688147295743,0.7951070336391437,0.4036735462928942
Naive Bayes complementario,0.21173762945914845,0.7951070336391437,0.40352529790942726
Naive Bayes complementario,0.21173762945914845,0.7966360856269113,0.4033728480068123
Naive Bayes complementario,0.21288837744533948,0.7966360856269113,0.40191654645942076
Naive Bayes complementario,0.21288837744533948,0.7981651376146789,0.40176895138997
Naive Bayes complementario,0.22209436133486765,0.7981651376146789,0.3930318453664367
Naive Bayes complementario,0.22209436133486765,0.7996941896024465,0.3930055847395636
Naive Bayes complementario,0.2243958573072497,0.7996941896024465,0.3905825229133752
Naive Bayes complementario,0.2243958573072497,0.8027522935779816,0.3893633885361531
Naive Bayes complementario,0.23705408515535098,0.8027522935779816,0.3807104735927569
Naive Bayes complementario,0.23705408515535098,0.8058103975535168,0.38008934196311756
Naive Bayes complementario,0.24626006904487918,0.8058103975535168,0.37465249039752957
Naive Bayes complementario,0.24626006904487918,0.8073394495412844,0.3746279692051723
Naive Bayes complementario,0.2474108170310702,0.8073394495412844,0.37388513023762787
Naive Bayes complementario,0.2474108170310702,0.808868501529052,0.3733647037203621
Naive Bayes complementario,0.2520138089758343,0.808868501529052,0.3713432364193808
Naive Bayes complementario,0.2520138089758343,0.8103975535168195,0.3708909458003986
Naive Bayes complementario,0.2554660529344074,0.8103975535168195,0.368699876835329
Naive Bayes complementario,0.2554660529344074,0.8119266055045872,0.3686158003812445
Naive Bayes complementario,0.2600690448791715,0.8119266055045872,0.36727198706809866
Naive Bayes complementario,0.2600690448791715,0.8134556574923547,0.3669636535272052
Naive Bayes complementario,0.26352128883774456,0.8134556574923547,0.36557556844192196
Naive Bayes complementario,0.26352128883774456,0.8149847094801224,0.3654118809597872
Naive Bayes complementario,0.26927502876869963,0.8149847094801224,0.36277372777830896
Naive Bayes complementario,0.26927502876869963,0.8165137614678899,0.3609112914839672
Naive Bayes complementario,0.2715765247410817,0.8165137614678899,0.35818255827098566
Naive Bayes complementario,0.2715765247410817,0.8195718654434251,0.3567319527177221
Naive Bayes complementario,0.2727272727272727,0.8195718654434251,0.3564896943191991
Naive Bayes complementario,0.2727272727272727,0.8211009174311926,0.35627394640537624
Naive Bayes complementario,0.28308400460299193,0.8211009174311926,0.3495918854354411
Naive Bayes complementario,0.28308400460299193,0.8241590214067278,0.34931582299124836
Naive Bayes complementario,0.28423475258918296,0.8241590214067278,0.3489919971857456
Naive Bayes complementario,0.28423475258918296,0.8256880733944955,0.34867239139258666
Naive Bayes complementario,0.29344073647871116,0.8256880733944955,0.34055357381548373
Naive Bayes complementario,0.29344073647871116,0.827217125382263,0.3401212754456473
Naive Bayes complementario,0.29689298043728424,0.827217125382263,0.3385520486884016
Naive Bayes complementario,0.29689298043728424,0.8287461773700305,0.33780608213793073
Naive Bayes complementario,0.29804372842347526,0.8287461773700305,0.33756226195976985
Naive Bayes complementario,0.29804372842347526,0.8333333333333334,0.33558603384545505
Naive Bayes complementario,0.3003452243958573,0.8348623853211009,0.335108055907626
Naive Bayes complementario,0.3084004602991945,0.8348623853211009,0.3324104745125414
Naive Bayes complementario,0.3084004602991945,0.8363914373088684,0.3324030514323949
Naive Bayes complementario,0.3141542002301496,0.8363914373088684,0.32896309510400634
Naive Bayes complementario,0.3141542002301496,0.8379204892966361,0.3286298606079189
Naive Bayes complementario,0.32105868814729577,0.8379204892966361,0.32179445355547065
Naive Bayes complementario,0.32105868814729577,0.8409785932721713,0.32167714774430883
Naive Bayes complementario,0.3256616800920598,0.8409785932721713,0.3182136385404433
Naive Bayes complementario,0.3256616800920598,0.8425076452599388,0.31798683310343234
Naive Bayes complementario,0.33256616800920596,0.8425076452599388,0.31479907966996823
Naive Bayes complementario,0.33256616800920596,0.8440366972477065,0.3145597011509267
Naive Bayes complementario,0.3383199079401611,0.8440366972477065,0.3121016024605212
Naive Bayes complementario,0.3383199079401611,0.845565749235474,0.30921298538323577
Naive Bayes complementario,0.3429228998849252,0.845565749235474,0.3066640863741327
Naive Bayes complementario,0.3429228998849252,0.8470948012232415,0.3063721321408816
Naive Bayes complementario,0.3440736478711162,0.8470948012232415,0.30553088683942486
Naive Bayes complementario,0.3440736478711162,0.8486238532110092,0.30531563181211024
Naive Bayes complementario,0.34637514384349827,0.8486238532110092,0.3049564454125735
Naive Bayes complementario,0.34637514384349827,0.8501529051987767,0.30291068317412345
Naive Bayes complementario,0.3486766398158803,0.8501529051987767,0.3007304381762513
Naive Bayes complementario,0.3486766398158803,0.8516819571865444,0.2990177711410745
Naive Bayes complementario,0.3532796317606444,0.8516819571865444,0.2930186585785539
Naive Bayes complementario,0.3532796317606444,0.8547400611620795,0.29199193964926995
Naive Bayes complementario,0.36018411967779057,0.8547400611620795,0.28932669129161703
Naive Bayes complementario,0.36018411967779057,0.8562691131498471,0.2891588014229347
Naive Bayes complementario,0.3659378596087457,0.8562691131498471,0.28522583626895515
Naive Bayes complementario,0.3659378596087457,0.8577981651376146,0.2833803978773572
Naive Bayes complementario,0.36823935558112775,0.8577981651376146,0.282798421543862
Naive Bayes complementario,0.36823935558112775,0.8608562691131498,0.2820629431163825
Naive Bayes complementario,0.37284234752589185,0.8608562691131498,0.2799099386651547
Naive Bayes complementario,0.37284234752589185,0.863914373088685,0.27947981060005567
Naive Bayes complementario,0.3739930955120829,0.863914373088685,0.2783134472979757
Naive Bayes complementario,0.3762945914844649,0.863914373088685,0.278057916099029
Naive Bayes complementario,0.380897583429229,0.863914373088685,0.27735330067815644
Naive Bayes complementario,0.380897583429229,0.8654434250764526,0.27460045932211
Naive Bayes complementario,0.3878020713463751,0.8654434250764526,0.2723067284721576
Naive Bayes complementario,0.3878020713463751,0.8669724770642202,0.27161870118173
Naive Bayes complementario,0.39815880322209435,0.8669724770642202,0.26706252538556136
Naive Bayes complementario,0.39815880322209435,0.8685015290519877,0.26586803970657324
Naive Bayes complementario,0.40276179516685845,0.8685015290519877,0.26352404380989564
Naive Bayes complementario,0.40276179516685845,0.8700305810397554,0.26283896285481234
Naive Bayes complementario,0.4039125431530495,0.8700305810397554,0.26275803731403213
Naive Bayes complementario,0.4039125431530495,0.8715596330275229,0.2620838554684061
Naive Bayes complementario,0.4154200230149597,0.8715596330275229,0.2584185779480476
Naive Bayes complementario,0.4154200230149597,0.8730886850152905,0.25778185564524564
Naive Bayes complementario,0.41657077100115075,0.8730886850152905,0.2573964734577925
Naive Bayes complementario,0.4188722669735328,0.8730886850152905,0.2573127032934877
Naive Bayes complementario,0.4188722669735328,0.8746177370030581,0.25704730779523266
Naive Bayes complementario,0.4234752589182969,0.8746177370030581,0.2542139158115061
Naive Bayes complementario,0.4234752589182969,0.8761467889908257,0.25419133315658005
Naive Bayes complementario,0.42692750287687,0.8761467889908257,0.252988398810886
Naive Bayes complementario,0.42692750287687,0.8776758409785933,0.2525971677452578
Naive Bayes complementario,0.4361334867663982,0.8776758409785933,0.2509145988387211
Naive Bayes complementario,0.4361334867663982,0.882262996941896,0.24976400326009313
Naive Bayes complementario,0.43843498273878023,0.882262996941896,0.24971753973048388
Naive Bayes complementario,0.43843498273878023,0.8837920489296636,0.24904288358285856
Naive Bayes complementario,0.43958573072497126,0.8837920489296636,0.2484254627487108
Naive Bayes complementario,0.44188722669735325,0.8837920489296636,0.24838925925343994
Naive Bayes complementario,0.4487917146144994,0.8837920489296636,0.24590557392115
Naive Bayes complementario,0.4487917146144994,0.8853211009174312,0.24590053143687832
Naive Bayes complementario,0.45109321058688145,0.8853211009174312,0.24538373508238986
Naive Bayes complementario,0.45109321058688145,0.8868501529051988,0.24508395187079013
Naive Bayes complementario,0.4522439585730725,0.8868501529051988,0.2444880689975719
Naive Bayes complementario,0.4522439585730725,0.8899082568807339,0.24253866878877856
Naive Bayes complementario,0.4533947065592635,0.8899082568807339,0.24251107869610075
Naive Bayes complementario,0.4533947065592635,0.8914373088685015,0.24167668219767488
Naive Bayes complementario,0.48216340621403914,0.8914373088685015,0.23095610745870923
Naive Bayes complementario,0.48216340621403914,0.8960244648318043,0.2296652688178849
Naive Bayes complementario,0.4844649021864212,0.8960244648318043,0.22940006043725766
Naive Bayes complementario,0.4844649021864212,0.8975535168195719,0.2289274008395829
Naive Bayes complementario,0.4856156501726122,0.8975535168195719,0.22871106154699444
Naive Bayes complementario,0.4856156501726122,0.8990825688073395,0.2281293118460619
Naive Bayes complementario,0.48676639815880324,0.8990825688073395,0.22801539551259833
Naive Bayes complementario,0.48676639815880324,0.900611620795107,0.2280112903576437
Naive Bayes complementario,0.49136939010356734,0.900611620795107,0.2256672739398888
Naive Bayes complementario,0.4936708860759494,0.900611620795107,0.22562367509097375
Naive Bayes complementario,0.4948216340621404,0.900611620795107,0.22517465309610438
Naive Bayes complementario,0.4948216340621404,0.9021406727828746,0.2250441867059326
Naive Bayes complementario,0.49597238204833144,0.9021406727828746,0.2243523650073561
Naive Bayes complementario,0.49597238204833144,0.9036697247706422,0.22421935689795172
Naive Bayes complementario,0.5017261219792866,0.9036697247706422,0.2229322194187356
Naive Bayes complementario,0.5051783659378596,0.9036697247706422,0.22015878564777067
Naive Bayes complementario,0.5051783659378596,0.908256880733945,0.21910085282288458
Naive Bayes complementario,0.5086306098964327,0.908256880733945,0.21726952972269994
Naive Bayes complementario,0.5086306098964327,0.9097859327217125,0.21702268764015906
Naive Bayes complementario,0.5178365937859609,0.9097859327217125,0.21501948573866944
Naive Bayes complementario,0.5178365937859609,0.9113149847094801,0.21351047372842094
Naive Bayes complementario,0.523590333716916,0.9113149847094801,0.20994510417057602
Naive Bayes complementario,0.523590333716916,0.9128440366972477,0.20993256675393268
Naive Bayes complementario,0.5281933256616801,0.9128440366972477,0.20882928161189282
Naive Bayes complementario,0.5304948216340621,0.9128440366972477,0.20864583285119864
Naive Bayes complementario,0.5327963176064442,0.9128440366972477,0.20814037638320756
Naive Bayes complementario,0.5327963176064442,0.9143730886850153,0.20804703016448128
Naive Bayes complementario,0.5362485615650172,0.9143730886850153,0.20680550811481538
Naive Bayes complementario,0.5362485615650172,0.9159021406727829,0.20634372158469413
Naive Bayes complementario,0.5443037974683544,0.9159021406727829,0.20278675283449857
Naive Bayes complementario,0.5443037974683544,0.9174311926605505,0.2021787225730575
Naive Bayes complementario,0.5523590333716916,0.9174311926605505,0.19497451219378556
Naive Bayes complementario,0.5523590333716916,0.918960244648318,0.19394014772669352
Naive Bayes complementario,0.5569620253164557,0.918960244648318,0.19163207699884927
Naive Bayes complementario,0.5569620253164557,0.9220183486238532,0.1901722334505857
Naive Bayes complementario,0.5604142692750288,0.9220183486238532,0.18790421832381463
Naive Bayes complementario,0.5604142692750288,0.9235474006116208,0.18779927618539907
Naive Bayes complementario,0.5615650172612198,0.9235474006116208,0.18773033383688284
Naive Bayes complementario,0.5615650172612198,0.9250764525993884,0.18742330510489985
Naive Bayes complementario,0.5811277330264673,0.9250764525993884,0.1802620387274972
Naive Bayes complementario,0.5811277330264673,0.926605504587156,0.1800768903222378
Naive Bayes complementario,0.5914844649021864,0.926605504587156,0.17808245473639453
Naive Bayes complementario,0.5914844649021864,0.9281345565749235,0.17739598654892835
Naive Bayes complementario,0.5949367088607594,0.9281345565749235,0.17522501194454188
Naive Bayes complementario,0.5949367088607594,0.9296636085626911,0.1745771237020416
Naive Bayes complementario,0.6283084004602992,0.9296636085626911,0.16145650280379392
Naive Bayes complementario,0.6283084004602992,0.9342507645259939,0.16092403510756018
Naive Bayes complementario,0.6294591484464902,0.9342507645259939,0.16068824891401295
Naive Bayes complementario,0.6294591484464902,0.9357798165137615,0.16059218906072514
Naive Bayes complementario,0.6306098964326813,0.9357798165137615,0.15973246758426907
Naive Bayes complementario,0.6317606444188723,0.9373088685015291,0.1590514041994898
Naive Bayes complementario,0.6467203682393556,0.9373088685015291,0.14938363821713319
Naive Bayes complementario,0.6467203682393556,0.9403669724770642,0.14916887652230296
Naive Bayes complementario,0.6651323360184119,0.9403669724770642,0.14573091710993816
Naive Bayes complementario,0.6651323360184119,0.9434250764525994,0.14547655642558704
Naive Bayes complementario,0.6754890678941312,0.9434250764525994,0.14239636713408277
Naive Bayes complementario,0.6812428078250863,0.944954128440367,0.14223594926166816
Naive Bayes complementario,0.6858457997698504,0.944954128440367,0.14113945375874845
Naive Bayes complementario,0.6869965477560415,0.9464831804281345,0.1410115613713719
Naive Bayes complementario,0.6973532796317606,0.9464831804281345,0.1365619568560272
Naive Bayes complementario,0.6996547756041427,0.9464831804281345,0.13626744469613714
Naive Bayes complementario,0.7123130034522439,0.9464831804281345,0.1299067148719354
Naive Bayes complementario,0.7123130034522439,0.9495412844036697,0.12921657304716827
Naive Bayes complementario,0.714614499424626,0.9495412844036697,0.12914652734299942
Naive Bayes complementario,0.714614499424626,0.9510703363914373,0.1290161304145457
Naive Bayes complementario,0.715765247410817,0.9510703363914373,0.12811283775812327
Naive Bayes complementario,0.7180667433831991,0.9510703363914373,0.12809561194575816
Naive Bayes complementario,0.7215189873417721,0.9510703363914373,0.1263848337172598
Naive Bayes complementario,0.7215189873417721,0.9525993883792049,0.1263533076707066
Naive Bayes complementario,0.7284234752589183,0.9525993883792049,0.12355039555610327
Naive Bayes complementario,0.7284234752589183,0.9541284403669725,0.12350304576035281
Naive Bayes complementario,0.7295742232451093,0.9541284403669725,0.12333632746017045
Naive Bayes complementario,0.7295742232451093,0.9571865443425076,0.123299909624716
Naive Bayes complementario,0.7364787111622555,0.9571865443425076,0.12185292249668936
Naive Bayes complementario,0.7387802071346375,0.9571865443425076,0.12139446051331679
Naive Bayes complementario,0.7491369390103567,0.9571865443425076,0.11935851792154188
Naive Bayes complementario,0.7491369390103567,0.9602446483180428,0.11875891373904086
Naive Bayes complementario,0.7514384349827388,0.9602446483180428,0.1172260897527419
Naive Bayes complementario,0.7514384349827388,0.9617737003058104,0.1170758573382952
Naive Bayes complementario,0.757192174913694,0.9617737003058104,0.11572511219590044
Naive Bayes complementario,0.757192174913694,0.963302752293578,0.11524933869423087
Naive Bayes complementario,0.7848101265822784,0.963302752293578,0.10663836619480878
Naive Bayes complementario,0.7871116225546605,0.9648318042813455,0.106594516930853
Naive Bayes complementario,0.8055235903337169,0.9648318042813455,0.09968280315086492
Naive Bayes complementario,0.8055235903337169,0.9663608562691132,0.09938572090292652
Naive Bayes complementario,0.8158803222094362,0.9663608562691132,0.09566043384233452
Naive Bayes complementario,0.8193325661680092,0.9663608562691132,0.09545539814545169
Naive Bayes complementario,0.8262370540851554,0.9663608562691132,0.09394828214988078
Naive Bayes complementario,0.8273878020713463,0.9678899082568807,0.09321571643041696
Naive Bayes complementario,0.8319907940161104,0.9678899082568807,0.09190166933959976
Naive Bayes complementario,0.8319907940161104,0.9694189602446484,0.09169425802885461
Naive Bayes complementario,0.8365937859608745,0.9694189602446484,0.09069493881914575
Naive Bayes complementario,0.8388952819332566,0.9694189602446484,0.0905505470046547
Naive Bayes complementario,0.8400460299194477,0.9694189602446484,0.0899106394784977
Naive Bayes complementario,0.8400460299194477,0.9709480122324159,0.08914288069633054
Naive Bayes complementario,0.8434982738780207,0.9709480122324159,0.08856059356249343
Naive Bayes complementario,0.8434982738780207,0.9724770642201835,0.08833909283346705
Naive Bayes complementario,0.85385500575374,0.9724770642201835,0.08286780712634571
Naive Bayes complementario,0.85385500575374,0.9740061162079511,0.08256460005130178
Naive Bayes complementario,0.8665132336018412,0.9740061162079511,0.07838832873247369
Naive Bayes complementario,0.8665132336018412,0.9755351681957186,0.07798516501105239
Naive Bayes complementario,0.8699654775604143,0.9755351681957186,0.07735242437960496
Naive Bayes complementario,0.8734177215189873,0.9755351681957186,0.07693746597481015
Naive Bayes complementario,0.8803222094361335,0.9755351681957186,0.07549229817425289
Naive Bayes complementario,0.8803222094361335,0.9770642201834863,0.07476974489242606
Naive Bayes complementario,0.8906789413118527,0.9770642201834863,0.07167281945631436
Naive Bayes complementario,0.8929804372842347,0.9770642201834863,0.07145798032502326
Naive Bayes complementario,0.8975834292289988,0.9770642201834863,0.06976392652863835
Naive Bayes complementario,0.8975834292289988,0.9785932721712538,0.06960085287129
Naive Bayes complementario,0.9182968929804373,0.9785932721712538,0.059578497800304865
Naive Bayes complementario,0.9205983889528193,0.981651376146789,0.05887486162730755
Naive Bayes complementario,0.9240506329113924,0.981651376146789,0.05711227490859497
Naive Bayes complementario,0.9252013808975834,0.9831804281345565,0.05710199633299948
Naive Bayes complementario,0.9252013808975834,0.9847094801223242,0.05575891736141015
Naive Bayes complementario,0.9286536248561565,0.9847094801223242,0.05441219164645472
Naive Bayes complementario,0.9286536248561565,0.9862385321100917,0.05397186789098846
Naive Bayes complementario,0.9332566168009206,0.9862385321100917,0.05221979485978588
Naive Bayes complementario,0.9332566168009206,0.9877675840978594,0.051791735982248316
Naive Bayes complementario,0.9378596087456847,0.9877675840978594,0.0490765031850415
Naive Bayes complementario,0.9378596087456847,0.9892966360856269,0.04898325227588157
Naive Bayes complementario,0.9447640966628308,0.9892966360856269,0.04657452560796226
Naive Bayes complementario,0.9447640966628308,0.9908256880733946,0.04463499941417741
Naive Bayes complementario,0.952819332566168,0.9908256880733946,0.04217296492146898
Naive Bayes complementario,0.952819332566168,0.9923547400611621,0.04197823522302226
Naive Bayes complementario,0.9723820483314154,0.9923547400611621,0.02530595856812522
Naive Bayes complementario,0.9746835443037974,0.9923547400611621,0.023358562114498712
Naive Bayes complementario,0.9758342922899885,0.9923547400611621,0.023325551384273856
Naive Bayes complementario,0.9781357882623706,0.9923547400611621,0.020687398455904116
Naive Bayes complementario,0.9792865362485615,0.9938837920489296,0.020467892234384166
Naive Bayes complementario,0.9792865362485615,0.9954128440366973,0.018176962419095992
Naive Bayes complementario,0.9861910241657077,0.9954128440366973,0.010121774823080607
Naive Bayes complementario,0.9861910241657077,0.9969418960244648,0.008393142974983758
Naive Bayes complementario,0.9884925201380897,0.9969418960244648,0.007252873809233998
Naive Bayes complementario,0.9896432681242808,0.9969418960244648,0.006848391763421855
Naive Bayes complementario,0.9919447640966629,0.9969418960244648,0.006037056751280071
Naive Bayes complementario,0.9930955120828538,0.9969418960244648,0.004945600938181635
Naive Bayes complementario,0.9953970080552359,1.0,0.004763542160343891
Naive Bayes complementario,1.0,1.0,0.0013003159969732767
Regresión logística,0.0,0.0,inf
Regresión logística,0.0,0.0015290519877675841,0.9771885182030926
Regresión logística,0.0,0.0061162079510703364,0.9736121381033759
Regresión logística,0.0,0.009174311926605505,0.9732334044061526
Regresión logística,0.0,0.012232415902140673,0.9708065133182442
Regresión logística,0.0,0.01834862385321101,0.9703395295497188
Regresión logística,0.0,0.02599388379204893,0.9690296396315751
Regresión logística,0.0,0.027522935779816515,0.9662428373203308
Regresión logística,0.0,0.035168195718654434,0.9637758233623406
Regresión logística,0.0,0.05198776758409786,0.9516192015690682
Regresión logística,0.0,0.05504587155963303,0.9501529181816856
Regresión logística,0.0,0.05657492354740061,0.9486583958947626
Regresión logística,0.0,0.0672782874617737,0.9470793225528522
Regresión logística,0.0,0.07033639143730887,0.9468359369129593
Regresión logística,0.0,0.07186544342507645,0.9458648843434678
Regresión logística,0.0,0.07492354740061162,0.9454076997303383
Regresión logística,0.0,0.08256880733944955,0.9436207791635086
Regresión logística,0.0011507479861910242,0.08256880733944955,0.9426835391306728
Regresión logística,0.0011507479861910242,0.0871559633027523,0.9402389030631318
Regresión logística,0.0011507479861910242,0.09021406727828746,0.939889743793844
Regresión logística,0.0011507479861910242,0.09327217125382263,0.9388777092138961
Regresión logística,0.0011507479861910242,0.09785932721712538,0.9388522860254941
Regresión logística,0.0011507479861910242,0.11926605504587157,0.9309373362190049
Regresión logística,0.0023014959723820483,0.11926605504587157,0.9302698178708992
Regresión logística,0.0023014959723820483,0.12996941896024464,0.9268768300578939
Regresión logística,0.0023014959723820483,0.14220183486238533,0.9266370592048626
Regresión logística,0.0023014959723820483,0.14984709480122324,0.9237960724701196
Regresión logística,0.0023014959723820483,0.154434250764526,0.9229706963916942
Regresión logística,0.0034522439585730723,0.154434250764526,0.9221281669108891
Regresión logística,0.0034522439585730723,0.1620795107033639,0.9185918851102152
Regresión logística,0.0034522439585730723,0.16666666666666666,0.9183008776851368
Regresión logística,0.0034522439585730723,0.1712538226299694,0.9158102230328159
Regresión logística,0.0034522439585730723,0.1743119266055046,0.9141843931539293
Regresión logística,0.0034522439585730723,0.18042813455657492,0.9123055410638811
Regresión logística,0.0034522439585730723,0.1834862385321101,0.9119345169629725
Regresión logística,0.0034522439585730723,0.191131498470948,0.907894307563869
Regresión logística,0.0034522439585730723,0.19418960244648317,0.9073661706794756
Regresión logística,0.0034522439585730723,0.19877675840978593,0.9062721950808842
Regresión logística,0.0034522439585730723,0.2018348623853211,0.9057988515354509
Regresión logística,0.0034522439585730723,0.21559633027522937,0.9018326214677139
Regresión logística,0.0034522439585730723,0.22018348623853212,0.9010471745579012
Regresión logística,0.0034522439585730723,0.25382262996941896,0.887004691815065
Regresión logística,0.0034522439585730723,0.25688073394495414,0.8856946987331391
Regresión logística,0.0034522439585730723,0.26605504587155965,0.8832092094988726
Regresión logística,0.004602991944764097,0.26605504587155965,0.8825160991451692
Regresión logística,0.004602991944764097,0.27217125382262997,0.8801939581950325
Regresión logística,0.005753739930955121,0.27217125382262997,0.880078655899133
Regresión logística,0.005753739930955121,0.3058103975535168,0.8644741736781463
Regresión logística,0.005753739930955121,0.308868501529052,0.8637186802102143
Regresión logística,0.005753739930955121,0.3287461773700306,0.8491222646528034
Regresión logística,0.006904487917146145,0.3302752293577982,0.8486543726907453
Regresión logística,0.006904487917146145,0.3379204892966361,0.847916059050955
Regresión logística,0.00805523590333717,0.3394495412844037,0.8466815814574679
Regresión logística,0.00805523590333717,0.35015290519877673,0.8419959852618818
Regresión logística,0.009205983889528193,0.35015290519877673,0.841110664802139
Regresión logística,0.009205983889528193,0.3577981651376147,0.8361236535911413
Regresión logística,0.010356731875719217,0.3577981651376147,0.8359478831800131
Regresión logística,0.010356731875719217,0.3623853211009174,0.8345874811147941
Regresión logística,0.010356731875719217,0.3654434250764526,0.8330266685670027
Regresión logística,0.010356731875719217,0.3669724770642202,0.8323961205816403
Regresión logística,0.011507479861910242,0.3669724770642202,0.8319328702469927
Regresión logística,0.011507479861910242,0.37767584097859325,0.8279384825925056
Regresión logística,0.012658227848101266,0.37767584097859325,0.8270568776126698
Regresión logística,0.012658227848101266,0.40978593272171254,0.8118359824973141
Regresión logística,0.01380897583429229,0.40978593272171254,0.8114024698230927
Regresión logística,0.01380897583429229,0.42507645259938837,0.8014846526087894
Regresión logística,0.014959723820483314,0.42507645259938837,0.8008978268894977
Regresión logística,0.014959723820483314,0.42813455657492355,0.8008043821391533
Regresión logística,0.018411967779056387,0.42813455657492355,0.7997750979698439
Regresión logística,0.018411967779056387,0.44954128440366975,0.7916970927722013
Regresión logística,0.019562715765247412,0.44954128440366975,0.7910149076052725
Regresión logística,0.019562715765247412,0.46636085626911317,0.780798883255633
Regresión logística,0.020713463751438434,0.46636085626911317,0.780489766040398
Regresión logística,0.020713463751438434,0.4785932721712538,0.7735711016701496
Regresión logística,0.02186421173762946,0.4785932721712538,0.7729598926174055
Regresión logística,0.02186421173762946,0.481651376146789,0.7715268459797888
Regresión logística,0.024165707710011506,0.481651376146789,0.7708177235346061
Regresión logística,0.024165707710011506,0.4847094801223242,0.7705048688638875
Regresión logística,0.02531645569620253,0.4847094801223242,0.7698185147976684
Regresión logística,0.02531645569620253,0.48623853211009177,0.7689124585099616
Regresión logística,0.026467203682393557,0.48623853211009177,0.7688253072719883
Regresión logística,0.026467203682393557,0.4877675840978593,0.765751575280546
Regresión logística,0.02761795166858458,0.4877675840978593,0.7647964683092965
Regresión logística,0.02761795166858458,0.4969418960244648,0.7606743195782668
Regresión logística,0.028768699654775604,0.4969418960244648,0.7606227082279926
Regresión logística,0.028768699654775604,0.5351681957186545,0.7419030203693882
Regresión logística,0.02991944764096663,0.5351681957186545,0.7412486379766382
Regresión logística,0.02991944764096663,0.5565749235474006,0.7285608755835359
Regresión logística,0.03222094361334868,0.5565749235474006,0.727253707587655
Regresión logística,0.03222094361334868,0.5581039755351682,0.7239777988236136
Regresión logística,0.0333716915995397,0.5581039755351682,0.723001199116984
Regresión logística,0.0333716915995397,0.5657492354740061,0.7193403025489453
Regresión logística,0.03452243958573072,0.5657492354740061,0.7169599799244828
Regresión logística,0.03452243958573072,0.5672782874617737,0.715688802148782
Regresión logística,0.03567318757192175,0.5672782874617737,0.7154632522165929
Regresión logística,0.03567318757192175,0.5764525993883792,0.7098761757316675
Regresión logística,0.03682393555811277,0.5764525993883792,0.7095992692210993
Regresión logística,0.03682393555811277,0.5779816513761468,0.7094666707611677
Regresión logística,0.0379746835443038,0.5779816513761468,0.7084286306877479
Regresión logística,0.0379746835443038,0.5840978593272171,0.7029644425336414
Regresión logística,0.04027617951668585,0.5840978593272171,0.7022385264266225
Regresión logística,0.04027617951668585,0.5902140672782875,0.700794725527595
Regresión logística,0.04142692750287687,0.5902140672782875,0.695319374139042
Regresión logística,0.04142692750287687,0.591743119266055,0.6930808863200542
Regresión logística,0.04372842347525892,0.591743119266055,0.692262320898977
Regresión logística,0.04372842347525892,0.5978593272171254,0.6902157605780745
Regresión logística,0.04602991944764097,0.5978593272171254,0.6882233204692192
Regresión logística,0.04602991944764097,0.6039755351681957,0.6801527523795349
Regresión logística,0.04833141542002301,0.6039755351681957,0.6793869461609128
Regresión logística,0.04833141542002301,0.6055045871559633,0.6793234591230397
Regresión logística,0.05063291139240506,0.6055045871559633,0.6736968564543456
Regresión logística,0.05063291139240506,0.6070336391437309,0.6732447998858317
Regresión logística,0.05178365937859609,0.6070336391437309,0.6729676669261545
Regresión logística,0.05178365937859609,0.6100917431192661,0.6729094233212887
Regresión logística,0.05523590333716916,0.6100917431192661,0.671244206597989
Regresión logística,0.05523590333716916,0.6253822629969419,0.6619213943050791
Regresión logística,0.05638665132336018,0.6253822629969419,0.6614503719333953
Regresión logística,0.05638665132336018,0.6269113149847095,0.6606005830753588
Regresión logística,0.05753739930955121,0.6269113149847095,0.659508247310968
Regresión logística,0.05753739930955121,0.6345565749235474,0.6556276814571607
Regresión logística,0.05868814729574223,0.6345565749235474,0.655241154724127
Regresión logística,0.05868814729574223,0.6391437308868502,0.6508655738615834
Regresión logística,0.05983889528193326,0.6391437308868502,0.6499842761486864
Regresión logística,0.05983889528193326,0.6437308868501529,0.6463526881018096
Regresión logística,0.06098964326812428,0.6437308868501529,0.6460561958043538
Regresión logística,0.06098964326812428,0.6483180428134556,0.6453046096800362
Regresión logística,0.06214039125431531,0.6483180428134556,0.6434224817468148
Regresión logística,0.06214039125431531,0.6513761467889908,0.641957746830686
Regresión logística,0.06329113924050633,0.6513761467889908,0.6400710248926433
Regresión logística,0.06329113924050633,0.6529051987767585,0.638872187005593
Regresión logística,0.06444188722669736,0.6529051987767585,0.6384090146117539
Regresión logística,0.06444188722669736,0.6590214067278287,0.6362735933284284
Regresión logística,0.06559263521288838,0.6590214067278287,0.6329792725618181
Regresión logística,0.06559263521288838,0.6605504587155964,0.6324051792304752
Regresión logística,0.06904487917146145,0.6605504587155964,0.6259020930123472
Regresión logística,0.06904487917146145,0.6620795107033639,0.6254235649358604
Regresión logística,0.07019562715765247,0.6620795107033639,0.6226104987151269
Regresión logística,0.07019562715765247,0.6681957186544343,0.6196505382295131
Regresión logística,0.07364787111622555,0.6681957186544343,0.6187013816401793
Regresión logística,0.07364787111622555,0.672782874617737,0.617737479710351
Regresión logística,0.07479861910241657,0.672782874617737,0.6172171085546334
Regresión logística,0.07479861910241657,0.6758409785932722,0.616390083855443
Regresión logística,0.0805523590333717,0.6758409785932722,0.6117833256576056
Regresión logística,0.0805523590333717,0.6773700305810397,0.6100509327217533
Regresión logística,0.08170310701956271,0.6773700305810397,0.6091210786052673
Regresión logística,0.08170310701956271,0.6788990825688074,0.6088841980827245
Regresión logística,0.08400460299194476,0.6788990825688074,0.6077853388274016
Regresión logística,0.08400460299194476,0.6804281345565749,0.6077282432165731
Regresión logística,0.08515535097813579,0.6804281345565749,0.6063786745458741
Regresión logística,0.08515535097813579,0.6865443425076453,0.6029203127320941
Regresión logística,0.08745684695051784,0.6865443425076453,0.5983016018918098
Regresión logística,0.08745684695051784,0.6880733944954128,0.5963786134746784
Regresión logística,0.08860759493670886,0.6880733944954128,0.5957313960750524
Regresión logística,0.08860759493670886,0.6896024464831805,0.5927760306363693
Regresión logística,0.09205983889528194,0.6896024464831805,0.5914173655680918
Regresión logística,0.09321058688147296,0.6896024464831805,0.5912238142046298
Regresión logística,0.09321058688147296,0.6926605504587156,0.589584287557771
Regresión logística,0.09436133486766399,0.6926605504587156,0.5891264494375502
Regresión logística,0.09436133486766399,0.6941896024464832,0.5875195698891194
Regresión logística,0.09551208285385501,0.6941896024464832,0.5870137532495614
Regresión logística,0.09551208285385501,0.6957186544342507,0.5858944162279939
Regresión logística,0.09666283084004602,0.6957186544342507,0.5857950362911238
Regresión logística,0.09666283084004602,0.6987767584097859,0.5855441105331668
Regresión logística,0.09896432681242807,0.6987767584097859,0.5835288017957306
Regresión logística,0.09896432681242807,0.7003058103975535,0.5833545755136081
Regresión logística,0.1001150747986191,0.7003058103975535,0.5822408187115637
Regresión logística,0.1001150747986191,0.7018348623853211,0.5815893160636554
Regresión logística,0.10356731875719218,0.7018348623853211,0.5807494032858188
Regresión logística,0.10356731875719218,0.7033639143730887,0.5802161891372721
Regresión logística,0.1047180667433832,0.7033639143730887,0.57877481568067
Regresión logística,0.1047180667433832,0.7048929663608563,0.5779398233104429
Regresión logística,0.10701956271576525,0.7048929663608563,0.5770960429963191
Regresión logística,0.10701956271576525,0.7064220183486238,0.5746040253606666
Regresión logística,0.10817031070195628,0.7064220183486238,0.573618505264746
Regresión logística,0.10817031070195628,0.7110091743119266,0.5708331245254779
Regresión logística,0.11047180667433831,0.7110091743119266,0.5687726486587067
Regresión logística,0.11047180667433831,0.7140672782874617,0.5677216308172685
Regresión logística,0.11162255466052934,0.7140672782874617,0.5662154824068079
Regresión logística,0.11162255466052934,0.7155963302752294,0.565612962687195
Regresión logística,0.11277330264672036,0.7155963302752294,0.5655571176895071
Regresión logística,0.11277330264672036,0.7171253822629969,0.5646680657267308
Regresión logística,0.11507479861910241,0.7171253822629969,0.5624055448943968
Regresión logística,0.11507479861910241,0.7201834862385321,0.5615825282750625
Regresión logística,0.11622554660529344,0.7201834862385321,0.560092492140758
Regresión logística,0.11622554660529344,0.7217125382262997,0.5600887828764427
Regresión logística,0.11852704257767549,0.7217125382262997,0.5586524542503002
Regresión logística,0.11852704257767549,0.7247706422018348,0.556037451666691
Regresión logística,0.11967779056386652,0.7247706422018348,0.5551907248725224
Regresión logística,0.11967779056386652,0.7339449541284404,0.5509769812505906
Regresión logística,0.12082853855005754,0.7339449541284404,0.5503406978948675
Regresión logística,0.12082853855005754,0.735474006116208,0.5489903063503692
Regresión logística,0.12543153049482164,0.735474006116208,0.5465016793196908
Regresión logística,0.12543153049482164,0.7370030581039755,0.5464349898424681
Regresión logística,0.12888377445339472,0.7370030581039755,0.5421479244211035
Regresión logística,0.12888377445339472,0.7415902140672783,0.5402553169351222
Regresión logística,0.13003452243958574,0.7415902140672783,0.5400091426110047
Regresión logística,0.13003452243958574,0.7431192660550459,0.5387612511147316
Regresión logística,0.1323360184119678,0.7431192660550459,0.5349315425646617
Regresión logística,0.1323360184119678,0.7492354740061162,0.5312578383539408
Regresión logística,0.13578826237054084,0.7492354740061162,0.5293646819779538
Regresión logística,0.13578826237054084,0.7507645259938838,0.5293096701539034
Regresión logística,0.13924050632911392,0.7507645259938838,0.5274962941049636
Regresión logística,0.13924050632911392,0.7522935779816514,0.526444378834603
Regresión logística,0.14039125431530494,0.7522935779816514,0.5260771526953496
Regresión logística,0.14039125431530494,0.7553516819571865,0.5256181802770701
Regresión logística,0.14154200230149597,0.7553516819571865,0.5241559060012262
Regresión logística,0.14154200230149597,0.7584097859327217,0.5228471288242877
Regresión logística,0.15074798619102417,0.7584097859327217,0.518780277560078
Regresión logística,0.15074798619102417,0.7614678899082569,0.5163442856387447
Regresión logística,0.1518987341772152,0.7614678899082569,0.5160612033799797
Regresión logística,0.1518987341772152,0.7629969418960245,0.5156508770867455
Regresión logística,0.15304948216340622,0.7629969418960245,0.514623952875361
Regresión logística,0.15304948216340622,0.7660550458715596,0.5114308630290694
Regresión logística,0.15535097813578827,0.7660550458715596,0.5110526068861386
Regresión logística,0.15535097813578827,0.7691131498470948,0.5095447594489048
Regresión logística,0.1565017261219793,0.7691131498470948,0.5088430810659019
Regresión logística,0.1565017261219793,0.7737003058103975,0.5073851918485284
Regresión logística,0.15995397008055237,0.7737003058103975,0.5049453327873641
Regresión logística,0.15995397008055237,0.7767584097859327,0.501575978620201
Regresión logística,0.1611047180667434,0.7767584097859327,0.49927842857076776
Regresión logística,0.1611047180667434,0.7782874617737003,0.4988998358374172
Regresión logística,0.1622554660529344,0.7782874617737003,0.49783443306260566
Regresión logística,0.16455696202531644,0.7782874617737003,0.4977896059275436
Regresión logística,0.16800920598388952,0.7782874617737003,0.4960879503162713
Regresión logística,0.16800920598388952,0.7798165137614679,0.4960219347524802
Regresión logística,0.16915995397008055,0.7798165137614679,0.49517460859601475
Regresión logística,0.16915995397008055,0.7813455657492355,0.4949881611096586
Regresión logística,0.17491369390103567,0.7813455657492355,0.4908244047022158
Regresión logística,0.17491369390103567,0.7828746177370031,0.48950670819601805
Regresión logística,0.17721518987341772,0.7828746177370031,0.48849441735889143
Regresión logística,0.17951668584579977,0.7828746177370031,0.48801899753142775
Regresión logística,0.18181818181818182,0.7828746177370031,0.4864239072968501
Regresión logística,0.18181818181818182,0.7844036697247706,0.486113949580353
Regresión logística,0.18757192174913695,0.7844036697247706,0.4838494273676608
Regresión logística,0.18757192174913695,0.7859327217125383,0.48154728850971357
Regresión logística,0.2002301495972382,0.7859327217125383,0.4743668758013857
Regresión logística,0.2002301495972382,0.7889908256880734,0.47419658356831795
Regresión logística,0.20138089758342922,0.7889908256880734,0.4736723174378842
Regresión logística,0.20138089758342922,0.7920489296636085,0.47180369938851063
Regresión logística,0.2048331415420023,0.7920489296636085,0.47085147635265817
Regresión logística,0.2048331415420023,0.7951070336391437,0.4701299054380026
Regresión logística,0.2140391254315305,0.7951070336391437,0.46311164585647147
Regresión logística,0.2140391254315305,0.7966360856269113,0.46303371674956
Regresión logística,0.21518987341772153,0.7966360856269113,0.4618057969151486
Regresión logística,0.21518987341772153,0.7981651376146789,0.4609781276961236
Regresión logística,0.21634062140391255,0.7981651376146789,0.460434173387026
Regresión logística,0.21634062140391255,0.7996941896024465,0.460381040407521
Regresión logística,0.2186421173762946,0.7996941896024465,0.4568807304058655
Regresión logística,0.2186421173762946,0.8012232415902141,0.4568039997095627
Regresión logística,0.22669735327963175,0.8012232415902141,0.4489096602047164
Regresión logística,0.22669735327963175,0.8042813455657493,0.44761934548663795
Regresión logística,0.23014959723820483,0.8042813455657493,0.4463655092450102
Regresión logística,0.23014959723820483,0.8058103975535168,0.4463446219085206
Regresión logística,0.23245109321058688,0.8058103975535168,0.44473309896985663
Regresión logística,0.23245109321058688,0.8073394495412844,0.44435921363122255
Regresión logística,0.238204833141542,0.8073394495412844,0.438915423934936
Regresión logística,0.238204833141542,0.808868501529052,0.4382034544507453
Regresión logística,0.2474108170310702,0.808868501529052,0.4333984446413329
Regresión logística,0.2474108170310702,0.8103975535168195,0.4332774019151367
Regresión logística,0.25431530494821636,0.8103975535168195,0.4267748701040951
Regresión logística,0.25431530494821636,0.8119266055045872,0.4266106789233951
Regresión logística,0.26352128883774456,0.8119266055045872,0.4204130076801949
Regresión logística,0.26352128883774456,0.8149847094801224,0.41983844871901677
Regresión logística,0.2727272727272727,0.8165137614678899,0.4196326329513905
Regresión logística,0.27387802071346373,0.8165137614678899,0.41923497045441716
Regresión logística,0.27387802071346373,0.8180428134556575,0.41865304257730823
Regresión logística,0.27848101265822783,0.8180428134556575,0.41735441823486896
Regresión logística,0.2807825086306099,0.8180428134556575,0.4158901045945268
Regresión logística,0.2807825086306099,0.8195718654434251,0.41578926647506026
Regresión logística,0.28423475258918296,0.8195718654434251,0.41492807337850235
Regresión logística,0.28423475258918296,0.8211009174311926,0.41458655298014885
Regresión logística,0.2899884925201381,0.8211009174311926,0.4122142053196845
Regresión logística,0.2899884925201381,0.8226299694189603,0.41202883280319436
Regresión logística,0.2911392405063291,0.8226299694189603,0.4119636262776758
Regresión logística,0.29689298043728424,0.8241590214067278,0.4111036257848706
Regresión logística,0.3037974683544304,0.8241590214067278,0.4089025349225904
Regresión logística,0.3037974683544304,0.8256880733944955,0.40885694565953523
Regresión logística,0.3084004602991945,0.8256880733944955,0.4065567255206567
Regresión logística,0.3084004602991945,0.827217125382263,0.4055321524172943
Regresión logística,0.3095512082853855,0.827217125382263,0.40477399159404986
Regresión logística,0.3095512082853855,0.8287461773700305,0.4047344149622355
Regresión logística,0.3141542002301496,0.8287461773700305,0.4019390108399386
Regresión logística,0.3141542002301496,0.8302752293577982,0.40172375988035325
Regresión logística,0.32105868814729577,0.8302752293577982,0.39890883189191606
Regresión logística,0.32105868814729577,0.8318042813455657,0.39858753009830666
Regresión logística,0.3233601841196778,0.8318042813455657,0.3958755214271239
Regresión logística,0.3233601841196778,0.8333333333333334,0.3957038389389995
Regresión logística,0.3245109321058688,0.8333333333333334,0.395703260063921
Regresión logística,0.3245109321058688,0.8348623853211009,0.39533069854789604
Regresión logística,0.32796317606444186,0.8348623853211009,0.39496388551419354
Regresión logística,0.32796317606444186,0.8363914373088684,0.3942649314848102
Regresión logística,0.33256616800920596,0.8363914373088684,0.39303966590202
Regresión logística,0.33256616800920596,0.8379204892966361,0.39257744094245317
Regresión logística,0.33716915995397007,0.8379204892966361,0.3900867077087865
Regresión logística,0.33716915995397007,0.8394495412844036,0.3892356001756669
Regresión logística,0.3429228998849252,0.8394495412844036,0.3880771413164103
Regresión logística,0.3429228998849252,0.8409785932721713,0.38769006700282543
Regresión logística,0.34522439585730724,0.8409785932721713,0.3871060449578326
Regresión logística,0.34522439585730724,0.8425076452599388,0.3857404460951864
Regresión logística,0.3486766398158803,0.8425076452599388,0.3848379167478351
Regresión logística,0.3486766398158803,0.845565749235474,0.3832924020488241
Regresión logística,0.3521288837744534,0.845565749235474,0.380817530028776
Regresión logística,0.3521288837744534,0.8470948012232415,0.3801109379115211
Regresión logística,0.3532796317606444,0.8470948012232415,0.3800834905660571
Regresión logística,0.35558112773302647,0.8470948012232415,0.38003061792149245
Regresión logística,0.3567318757192175,0.8470948012232415,0.3797599671769183
Regresión logística,0.3567318757192175,0.8486238532110092,0.3796351854566072
Regresión logística,0.3578826237054085,0.8486238532110092,0.37939866191785543
Regresión logística,0.3578826237054085,0.8501529051987767,0.3790428614885331
Regresión logística,0.3624856156501726,0.8501529051987767,0.3764973356772092
Regresión logística,0.3624856156501726,0.8516819571865444,0.37596939160317144
Regresión logística,0.36478711162255467,0.8516819571865444,0.37458017589504994
Regresión logística,0.36478711162255467,0.8547400611620795,0.37418511822135814
Regresión logística,0.36823935558112775,0.8547400611620795,0.37261111839736627
Regresión logística,0.36823935558112775,0.8562691131498471,0.37010869762407195
Regresión logística,0.3693901035673188,0.8562691131498471,0.3700971519539361
Regresión logística,0.3693901035673188,0.8577981651376146,0.36773573845632074
Regresión logística,0.380897583429229,0.8577981651376146,0.3615757284576288
Regresión logística,0.38204833141542005,0.8593272171253823,0.3608453507096177
Regresión logística,0.383199079401611,0.8593272171253823,0.3594581924638021
Regresión logística,0.383199079401611,0.8623853211009175,0.35829343070395453
Regresión logística,0.38434982738780205,0.8623853211009175,0.35802261776897915
Regresión logística,0.38434982738780205,0.8669724770642202,0.3570155335673088
Regresión logística,0.38895281933256615,0.8669724770642202,0.3559795454434585
Regresión logística,0.38895281933256615,0.8685015290519877,0.3553863424154696
Regresión logística,0.3912543153049482,0.8685015290519877,0.35434921415754683
Regresión logística,0.3912543153049482,0.8700305810397554,0.3531130311572334
Regresión logística,0.3947065592635213,0.8700305810397554,0.3514486871186078
Regresión logística,0.3947065592635213,0.8715596330275229,0.3509071185397409
Regresión logística,0.3970080552359033,0.8715596330275229,0.3484728694954009
Regresión logística,0.3970080552359033,0.8730886850152905,0.3479482887798484
Regresión logística,0.4004602991944764,0.8730886850152905,0.3477671009650283
Regresión logística,0.4096662830840046,0.8730886850152905,0.34231934164416494
Regresión logística,0.4096662830840046,0.8746177370030581,0.34202429554237995
Regresión logística,0.4108170310701956,0.8746177370030581,0.34160008490065275
Regresión logística,0.4108170310701956,0.8761467889908257,0.34126562874501576
Regresión logística,0.4177215189873418,0.8761467889908257,0.3381182751848813
Regresión logística,0.4177215189873418,0.8807339449541285,0.33709240488954006
Regresión logística,0.42117376294591485,0.8807339449541285,0.33679515070972843
Regresión logística,0.4234752589182969,0.882262996941896,0.33628755640509567
Regresión logística,0.4326812428078251,0.882262996941896,0.33331512012646203
Regresión logística,0.4326812428078251,0.8837920489296636,0.3330577577567491
Regresión logística,0.43383199079401613,0.8837920489296636,0.33274235358760157
Regresión logística,0.4361334867663982,0.8853211009174312,0.33198039964980675
Regresión logística,0.44188722669735325,0.8853211009174312,0.32814226173154043
Regresión logística,0.44188722669735325,0.8868501529051988,0.32757489360319836
Regresión logística,0.44649021864211735,0.8868501529051988,0.3247870243489686
Regresión logística,0.44649021864211735,0.8883792048929664,0.3247033244201399
Regresión logística,0.4487917146144994,0.8883792048929664,0.3238697341374934
Regresión logística,0.4487917146144994,0.8914373088685015,0.3221336690902897
Regresión logística,0.4579976985040276,0.8914373088685015,0.3188592387361858
Regresión logística,0.46029919447640966,0.8914373088685015,0.3187272916168393
Regresión logística,0.46835443037974683,0.8914373088685015,0.31663013799537476
Regresión logística,0.46835443037974683,0.8929663608562691,0.3159104003017796
Regresión logística,0.46950517836593786,0.8929663608562691,0.3151769808932917
Regresión logística,0.46950517836593786,0.8944954128440367,0.31410445287482525
Regresión logística,0.4706559263521289,0.8944954128440367,0.3139187130774402
Regresión logística,0.4706559263521289,0.8960244648318043,0.31372043426744656
Regresión logística,0.4810126582278481,0.8960244648318043,0.3112088054746822
Regresión logística,0.4810126582278481,0.8975535168195719,0.31097391800757007
Regresión logística,0.48331415420023016,0.8975535168195719,0.30993714086783475
Regresión logística,0.48331415420023016,0.8990825688073395,0.3095077441276087
Regresión logística,0.4856156501726122,0.8990825688073395,0.3085664173421032
Regresión logística,0.4856156501726122,0.900611620795107,0.3084407979524101
Regresión logística,0.49712313003452246,0.900611620795107,0.30533154204617696
Regresión logística,0.49712313003452246,0.9021406727828746,0.304725127373052
Regresión logística,0.5028768699654775,0.9021406727828746,0.3030842951700171
Regresión logística,0.5028768699654775,0.9051987767584098,0.3027154117977276
Regresión logística,0.5051783659378596,0.9051987767584098,0.3024944070785976
Regresión logística,0.5051783659378596,0.908256880733945,0.30166808295137343
Regresión logística,0.5109321058688148,0.908256880733945,0.2998311590148371
Regresión logística,0.5109321058688148,0.9097859327217125,0.2993344487539278
Regresión logística,0.5143843498273878,0.9097859327217125,0.29847848162218554
Regresión logística,0.5143843498273878,0.9113149847094801,0.29795756065536116
Regresión logística,0.520138089758343,0.9113149847094801,0.294260506733663
Regresión logística,0.520138089758343,0.9128440366972477,0.2933896716867663
Regresión logística,0.522439585730725,0.9128440366972477,0.29218943660386715
Regresión logística,0.5247410817031071,0.9128440366972477,0.29210332821966417
Regresión logística,0.5247410817031071,0.9143730886850153,0.290683509852774
Regresión logística,0.525891829689298,0.9143730886850153,0.29011118838779687
Regresión logística,0.525891829689298,0.9159021406727829,0.28995753295462534
Regresión logística,0.5270425776754891,0.9159021406727829,0.28995569400912696
Regresión logística,0.5281933256616801,0.9174311926605505,0.2894763495546284
Regresión logística,0.5397008055235903,0.9174311926605505,0.28480449781183376
Regresión logística,0.5397008055235903,0.918960244648318,0.28393182431336705
Regresión logística,0.5454545454545454,0.918960244648318,0.28258399603783063
Regresión logística,0.5454545454545454,0.9204892966360856,0.28119514352165276
Regresión logística,0.5523590333716916,0.9204892966360856,0.27753488220838185
Regresión logística,0.5523590333716916,0.9220183486238532,0.2775281014839251
Regresión logística,0.5684695051783659,0.9220183486238532,0.27109733390744006
Regresión logística,0.5684695051783659,0.9235474006116208,0.2708740488044631
Regresión logística,0.570771001150748,0.9235474006116208,0.2697953661064283
Regresión logística,0.570771001150748,0.9250764525993884,0.2688852973156621
Regresión logística,0.57307249712313,0.9250764525993884,0.2686437870509666
Regresión logística,0.5742232451093211,0.9250764525993884,0.2680622096731143
Regresión logística,0.5742232451093211,0.926605504587156,0.2677373198846494
Regresión logística,0.5776754890678941,0.926605504587156,0.2666037235171326
Regresión logística,0.5776754890678941,0.9281345565749235,0.26624912388691935
Regresión logística,0.5788262370540852,0.9281345565749235,0.26508993729062347
Regresión logística,0.5788262370540852,0.9296636085626911,0.26504777721584827
Regresión logística,0.5799769850402762,0.9296636085626911,0.26495904350097
Regresión logística,0.5799769850402762,0.9311926605504587,0.2649316490603163
Regresión logística,0.5834292289988493,0.9311926605504587,0.26332722658759744
Regresión logística,0.5834292289988493,0.9357798165137615,0.26160369765611896
Regresión logística,0.5903337169159953,0.9357798165137615,0.2594114678500756
Regresión logística,0.5903337169159953,0.9373088685015291,0.25937378530490385
Regresión logística,0.5914844649021864,0.9373088685015291,0.2589765553089237
Regresión logística,0.5914844649021864,0.9388379204892966,0.2589020421762998
Regresión logística,0.6052934407364787,0.9388379204892966,0.2529791573801276
Regresión logística,0.6075949367088608,0.9418960244648318,0.2524351677345185
Regresión logística,0.6214039125431531,0.9418960244648318,0.24685771974464998
Regresión logística,0.6237054085155351,0.9418960244648318,0.24633261916523497
Regresión logística,0.6340621403912543,0.9418960244648318,0.24118021998414957
Regresión logística,0.6340621403912543,0.9434250764525994,0.24103497276314692
Regresión logística,0.6363636363636364,0.9434250764525994,0.24071510704222385
Regresión logística,0.6363636363636364,0.944954128440367,0.2404707824017402
Regresión logística,0.6501726121979287,0.944954128440367,0.23589754775527008
Regresión logística,0.6501726121979287,0.9464831804281345,0.23506675455850348
Regresión logística,0.663981588032221,0.9464831804281345,0.22942189211023323
Regresión logística,0.663981588032221,0.9495412844036697,0.2288196670756834
Regresión logística,0.667433831990794,0.9495412844036697,0.22712947760025873
Regresión logística,0.667433831990794,0.9510703363914373,0.2270374762188299
Regresión logística,0.6743383199079401,0.9510703363914373,0.22567727573553792
Regresión logística,0.6766398158803222,0.9510703363914373,0.2238873158094195
Regresión logística,0.6915995397008056,0.9510703363914373,0.22063553871890118
Regresión logística,0.6915995397008056,0.9525993883792049,0.21984023048160914
Regresión logística,0.6985040276179517,0.9525993883792049,0.21679200774178636
Regresión logística,0.6985040276179517,0.9541284403669725,0.21659063867144004
Regresión logística,0.7100115074798619,0.9541284403669725,0.21004124694762902
Regresión logística,0.715765247410817,0.9541284403669725,0.20961366878121265
Regresión logística,0.7180667433831991,0.9541284403669725,0.20924996859770503
Regresión logística,0.7180667433831991,0.9571865443425076,0.20702356836807587
Regresión logística,0.7215189873417721,0.9571865443425076,0.20502539337035236
Regresión logística,0.7215189873417721,0.9587155963302753,0.2049705855569128
Regresión logística,0.7387802071346375,0.9587155963302753,0.1978774010456569
Regresión logística,0.7387802071346375,0.9602446483180428,0.1971812452163485
Regresión logística,0.7468354430379747,0.9602446483180428,0.19493151090383337
Regresión logística,0.7468354430379747,0.9617737003058104,0.1948728756224887
Regresión logística,0.7479861910241657,0.9617737003058104,0.1941372838798082
Regresión logística,0.7479861910241657,0.963302752293578,0.19388217804736518
Regresión logística,0.761795166858458,0.963302752293578,0.1892194247280601
Regresión logística,0.7652474108170311,0.963302752293578,0.18860042626855553
Regresión logística,0.7675489067894131,0.963302752293578,0.18739364891435703
Regresión logística,0.7675489067894131,0.9648318042813455,0.187096236708088
Regresión logística,0.7675489067894131,0.9678899082568807,0.1867862213065068
Regresión logística,0.7686996547756041,0.9678899082568807,0.18663651819270208
Regresión logística,0.7710011507479861,0.9678899082568807,0.1850763377168589
Regresión logística,0.7721518987341772,0.9678899082568807,0.18424721282265408
Regresión logística,0.7733026467203682,0.9694189602446484,0.18381965874463763
Regresión logística,0.7779056386651323,0.9694189602446484,0.18210380236954493
Regresión logística,0.7802071346375143,0.9694189602446484,0.1820979475964609
Regresión logística,0.7813578826237054,0.9694189602446484,0.18146658789393644
Regresión logística,0.7836593785960875,0.9694189602446484,0.18118204063583454
Regresión logística,0.7859608745684695,0.9694189602446484,0.18072445908534376
Regresión logística,0.7859608745684695,0.9709480122324159,0.18018339841930991
Regresión logística,0.8009205983889528,0.9709480122324159,0.17255621096720616
Regresión logística,0.8009205983889528,0.9740061162079511,0.1715771347551539
Regresión logística,0.8147295742232451,0.9740061162079511,0.16493137783858047
Regresión logística,0.8147295742232451,0.9755351681957186,0.1648605898728242
Regresión logística,0.8296892980437284,0.9755351681957186,0.15685442028578586
Regresión logística,0.8296892980437284,0.9770642201834863,0.15684733621667565
Regresión logística,0.8400460299194477,0.9770642201834863,0.1533605197268874
Regresión logística,0.8423475258918297,0.9770642201834863,0.15332849200799603
Regresión logística,0.85385500575374,0.9770642201834863,0.1500275217447673
Regresión logística,0.8550057537399309,0.9785932721712538,0.14934582064860685
Regresión logística,0.8642117376294591,0.9785932721712538,0.14557303303480829
Regresión logística,0.8642117376294591,0.9801223241590215,0.14535921063860485
Regresión logística,0.8688147295742232,0.9801223241590215,0.14179269178214754
Regresión logística,0.8711162255466053,0.9801223241590215,0.14177705226678
Regresión logística,0.8711162255466053,0.981651376146789,0.14172158521803963
Regresión logística,0.8791714614499425,0.981651376146789,0.13774699414474775
Regresión logística,0.8791714614499425,0.9831804281345565,0.13588978514183506
Regresión logística,0.8803222094361335,0.9831804281345565,0.13429087354770006
Regresión logística,0.8803222094361335,0.9847094801223242,0.13271131367515915
Regresión logística,0.8826237054085155,0.9847094801223242,0.1323137274961762
Regresión logística,0.8872266973532796,0.9847094801223242,0.12882630627682232
Regresión logística,0.8883774453394706,0.9862385321100917,0.12870407872467846
Regresión logística,0.906789413118527,0.9862385321100917,0.12144341199031156
Regresión logística,0.906789413118527,0.9877675840978594,0.1212901301429547
Regresión logística,0.9240506329113924,0.9877675840978594,0.11469199781119614
Regresión logística,0.9252013808975834,0.9892966360856269,0.11375674277603767
Regresión logística,0.9298043728423475,0.9892966360856269,0.11156412401435033
Regresión logística,0.9309551208285386,0.9908256880733946,0.11045798483275726
Regresión logística,0.9585730724971231,0.9908256880733946,0.09901218056369732
Regresión logística,0.9585730724971231,0.9923547400611621,0.09890173339313049
Regresión logística,0.9608745684695051,0.9923547400611621,0.0975036731111431
Regresión logística,0.9608745684695051,0.9938837920489296,0.09734438464300567
Regresión logística,0.9723820483314154,0.9938837920489296,0.08637178771146717
Regresión logística,0.9723820483314154,0.9954128440366973,0.0856988316526236
Regresión logística,0.9735327963176065,0.9954128440366973,0.08455624873969679
Regresión logística,0.9735327963176065,0.9969418960244648,0.08380017401269357
Regresión logística,0.9827387802071347,0.9969418960244648,0.0782048333929913
Regresión logística,0.9827387802071347,0.9984709480122325,0.07682053149893915
Regresión logística,0.9873417721518988,0.9984709480122325,0.07075676576076405
Regresión logística,0.9873417721518988,1.0,0.07022363870697067
Regresión logística,1.0,1.0,0.03468289016111429
SVM lineal calibrado,0.0,0.0,inf
SVM lineal calibrado,0.0,0.0015290519877675841,0.9786866970545157
SVM lineal calibrado,0.0,0.00764525993883792,0.9716482067605781
SVM lineal calibrado,0.0,0.010703363914373088,0.9690623930242128
SVM lineal calibrado,0.0,0.021406727828746176,0.9544299323185946
SVM lineal calibrado,0.0,0.024464831804281346,0.951470856993021
SVM lineal calibrado,0.0,0.0290519877675841,0.9495334239809686
SVM lineal calibrado,0.0011507479861910242,0.0290519877675841,0.9473091894075131
SVM lineal calibrado,0.0011507479861910242,0.03211009174311927,0.9464553830699134
SVM lineal calibrado,0.0023014959723820483,0.03211009174311927,0.9435655586466366
SVM lineal calibrado,0.0023014959723820483,0.03669724770642202,0.9381905707831928
SVM lineal calibrado,0.0023014959723820483,0.04281345565749235,0.9370616839810987
SVM lineal calibrado,0.0023014959723820483,0.05657492354740061,0.9268046816150948
SVM lineal calibrado,0.0023014959723820483,0.06422018348623854,0.9266049371826798
SVM lineal calibrado,0.0023014959723820483,0.0963302752293578,0.9129236824911989
SVM lineal calibrado,0.0023014959723820483,0.10397553516819572,0.9116577316497061
SVM lineal calibrado,0.0023014959723820483,0.10550458715596331,0.9101687289228533
SVM lineal calibrado,0.0023014959723820483,0.11009174311926606,0.9100173515822795
SVM lineal calibrado,0.0023014959723820483,0.12691131498470948,0.9040110324586333
SVM lineal calibrado,0.0023014959723820483,0.13761467889908258,0.9035617053008865
SVM lineal calibrado,0.0023014959723820483,0.1452599388379205,0.901744811263946
SVM lineal calibrado,0.0023014959723820483,0.14831804281345565,0.9011561428475106
SVM lineal calibrado,0.0023014959723820483,0.1529051987767584,0.8993915673141372
SVM lineal calibrado,0.0023014959723820483,0.15749235474006115,0.8990050400781854
SVM lineal calibrado,0.0023014959723820483,0.172782874617737,0.8957693175252842
SVM lineal calibrado,0.0023014959723820483,0.17584097859327216,0.8956405392860146
SVM lineal calibrado,0.0023014959723820483,0.17737003058103976,0.8955318134717731
SVM lineal calibrado,0.0023014959723820483,0.18042813455657492,0.8939992682642525
SVM lineal calibrado,0.0023014959723820483,0.1819571865443425,0.8939906142493835
SVM lineal calibrado,0.0023014959723820483,0.19418960244648317,0.8937461433761379
SVM lineal calibrado,0.0023014959723820483,0.19877675840978593,0.8936268644747442
SVM lineal calibrado,0.0034522439585730723,0.19877675840978593,0.8928041322925151
SVM lineal calibrado,0.0034522439585730723,0.21253822629969418,0.8900962338327708
SVM lineal calibrado,0.0034522439585730723,0.21559633027522937,0.8899068149258862
SVM lineal calibrado,0.0034522439585730723,0.2217125382262997,0.8887379905140111
SVM lineal calibrado,0.0034522439585730723,0.22477064220183487,0.8883117447481107
SVM lineal calibrado,0.0034522439585730723,0.22629969418960244,0.8880194673617239
SVM lineal calibrado,0.0034522439585730723,0.2308868501529052,0.8870637249228452
SVM lineal calibrado,0.0034522439585730723,0.23853211009174313,0.884072917055577
SVM lineal calibrado,0.0034522439585730723,0.2415902140672783,0.8833275313582348
SVM lineal calibrado,0.0034522439585730723,0.24311926605504589,0.8830705882097091
SVM lineal calibrado,0.0034522439585730723,0.24617737003058104,0.8826045565826227
SVM lineal calibrado,0.0034522439585730723,0.26146788990825687,0.8784638912130007
SVM lineal calibrado,0.0034522439585730723,0.26452599388379205,0.8777288710345058
SVM lineal calibrado,0.004602991944764097,0.26452599388379205,0.8777101196875896
SVM lineal calibrado,0.004602991944764097,0.2691131498470948,0.8762859854569321
SVM lineal calibrado,0.004602991944764097,0.27217125382262997,0.8755621506248185
SVM lineal calibrado,0.004602991944764097,0.2889908256880734,0.870391018169742
SVM lineal calibrado,0.005753739930955121,0.290519877675841,0.8698511806279017
SVM lineal calibrado,0.005753739930955121,0.3165137614678899,0.860359171304907
SVM lineal calibrado,0.006904487917146145,0.3165137614678899,0.8598568196695836
SVM lineal calibrado,0.006904487917146145,0.3180428134556575,0.8593563940656156
SVM lineal calibrado,0.006904487917146145,0.3211009174311927,0.8589407776465346
SVM lineal calibrado,0.006904487917146145,0.3256880733944954,0.8555003689546962
SVM lineal calibrado,0.00805523590333717,0.3256880733944954,0.8521055411088362
SVM lineal calibrado,0.00805523590333717,0.3577981651376147,0.8399526130903897
SVM lineal calibrado,0.009205983889528193,0.35932721712538224,0.8389937811517645
SVM lineal calibrado,0.009205983889528193,0.36850152905198774,0.8326222627010843
SVM lineal calibrado,0.011507479861910242,0.36850152905198774,0.8289732324670066
SVM lineal calibrado,0.011507479861910242,0.3746177370030581,0.8263376903310262
SVM lineal calibrado,0.012658227848101266,0.3746177370030581,0.8261371776606019
SVM lineal calibrado,0.012658227848101266,0.3761467889908257,0.8261065734989491
SVM lineal calibrado,0.01380897583429229,0.3761467889908257,0.8260032157593907
SVM lineal calibrado,0.01380897583429229,0.39755351681957185,0.8184789839743004
SVM lineal calibrado,0.01380897583429229,0.40061162079510704,0.818399322655567
SVM lineal calibrado,0.01380897583429229,0.4036697247706422,0.8172121575859584
SVM lineal calibrado,0.014959723820483314,0.4036697247706422,0.8162833583260621
SVM lineal calibrado,0.014959723820483314,0.42048929663608564,0.8009540592824077
SVM lineal calibrado,0.01726121979286536,0.42048929663608564,0.8001148235820792
SVM lineal calibrado,0.01726121979286536,0.43577981651376146,0.791972548960929
SVM lineal calibrado,0.018411967779056387,0.43577981651376146,0.791780359708467
SVM lineal calibrado,0.018411967779056387,0.45718654434250766,0.7794162198888012
SVM lineal calibrado,0.019562715765247412,0.45718654434250766,0.7792030832148079
SVM lineal calibrado,0.019562715765247412,0.45871559633027525,0.7791115906978946
SVM lineal calibrado,0.020713463751438434,0.45871559633027525,0.7788630079837793
SVM lineal calibrado,0.020713463751438434,0.463302752293578,0.7762814943005543
SVM lineal calibrado,0.02186421173762946,0.463302752293578,0.7761389978968166
SVM lineal calibrado,0.02186421173762946,0.46788990825688076,0.7754042423724293
SVM lineal calibrado,0.023014959723820484,0.46788990825688076,0.7749131179906703
SVM lineal calibrado,0.023014959723820484,0.4892966360856269,0.7660408667470047
SVM lineal calibrado,0.024165707710011506,0.4892966360856269,0.7658363455199533
SVM lineal calibrado,0.024165707710011506,0.4908256880733945,0.7656361129356709
SVM lineal calibrado,0.02531645569620253,0.4908256880733945,0.7641584989786616
SVM lineal calibrado,0.02531645569620253,0.4954128440366973,0.7608141300066391
SVM lineal calibrado,0.026467203682393557,0.4954128440366973,0.7599396959172543
SVM lineal calibrado,0.026467203682393557,0.5,0.7596262795795719
SVM lineal calibrado,0.02761795166858458,0.5,0.7590500652853515
SVM lineal calibrado,0.02761795166858458,0.5045871559633027,0.7582465951784597
SVM lineal calibrado,0.028768699654775604,0.5045871559633027,0.7578492762856671
SVM lineal calibrado,0.028768699654775604,0.5076452599388379,0.7561604167253639
SVM lineal calibrado,0.02991944764096663,0.5076452599388379,0.751955011994485
SVM lineal calibrado,0.02991944764096663,0.518348623853211,0.7441022812001642
SVM lineal calibrado,0.031070195627157654,0.518348623853211,0.7424435543437177
SVM lineal calibrado,0.031070195627157654,0.5305810397553516,0.731953108844833
SVM lineal calibrado,0.03222094361334868,0.5305810397553516,0.731389561711773
SVM lineal calibrado,0.03222094361334868,0.5504587155963303,0.7132589668226476
SVM lineal calibrado,0.03452243958573072,0.5504587155963303,0.71019772126055
SVM lineal calibrado,0.03452243958573072,0.5535168195718655,0.7099733001388547
SVM lineal calibrado,0.03567318757192175,0.5535168195718655,0.7098086964400356
SVM lineal calibrado,0.03567318757192175,0.5642201834862385,0.7005754027994698
SVM lineal calibrado,0.03682393555811277,0.5642201834862385,0.7001033911438109
SVM lineal calibrado,0.03682393555811277,0.5703363914373089,0.6981339507930077
SVM lineal calibrado,0.0379746835443038,0.5703363914373089,0.6971524268200437
SVM lineal calibrado,0.0379746835443038,0.5764525993883792,0.6943298650762121
SVM lineal calibrado,0.039125431530494824,0.5764525993883792,0.6918702935068876
SVM lineal calibrado,0.039125431530494824,0.5795107033639144,0.6895894506916722
SVM lineal calibrado,0.04142692750287687,0.5795107033639144,0.6876385206357739
SVM lineal calibrado,0.04142692750287687,0.5856269113149847,0.6809708688914515
SVM lineal calibrado,0.04257767548906789,0.5856269113149847,0.6805896345238199
SVM lineal calibrado,0.04257767548906789,0.5886850152905199,0.6770449208535628
SVM lineal calibrado,0.04372842347525892,0.5886850152905199,0.6758765240527529
SVM lineal calibrado,0.04372842347525892,0.591743119266055,0.6735799505196912
SVM lineal calibrado,0.04487917146144994,0.591743119266055,0.6729910353124299
SVM lineal calibrado,0.04487917146144994,0.5948012232415902,0.6726913493531551
SVM lineal calibrado,0.04602991944764097,0.5948012232415902,0.6724367848570653
SVM lineal calibrado,0.04602991944764097,0.599388379204893,0.6676485459478103
SVM lineal calibrado,0.047180667433831994,0.599388379204893,0.6668713327531987
SVM lineal calibrado,0.047180667433831994,0.6055045871559633,0.6629846638411908
SVM lineal calibrado,0.04833141542002301,0.6055045871559633,0.662077800766629
SVM lineal calibrado,0.04833141542002301,0.6116207951070336,0.657005135682106
SVM lineal calibrado,0.04948216340621404,0.6116207951070336,0.6562661883158138
SVM lineal calibrado,0.04948216340621404,0.6131498470948012,0.6528469350517806
SVM lineal calibrado,0.05293440736478711,0.6131498470948012,0.6490604516589767
SVM lineal calibrado,0.05293440736478711,0.6192660550458715,0.6457187321656287
SVM lineal calibrado,0.05408515535097814,0.6192660550458715,0.6454507467629425
SVM lineal calibrado,0.05408515535097814,0.6207951070336392,0.6421339469938625
SVM lineal calibrado,0.05523590333716916,0.6207951070336392,0.6410429627063085
SVM lineal calibrado,0.05523590333716916,0.6238532110091743,0.6399368264439648
SVM lineal calibrado,0.05868814729574223,0.6238532110091743,0.6379211533324584
SVM lineal calibrado,0.05868814729574223,0.6284403669724771,0.6340021394845647
SVM lineal calibrado,0.06098964326812428,0.6284403669724771,0.6303126106516731
SVM lineal calibrado,0.06098964326812428,0.6314984709480123,0.6293830704278328
SVM lineal calibrado,0.06444188722669736,0.6314984709480123,0.6265211133925813
SVM lineal calibrado,0.06444188722669736,0.6330275229357798,0.6256532146421178
SVM lineal calibrado,0.0667433831990794,0.6330275229357798,0.6233042692351012
SVM lineal calibrado,0.0667433831990794,0.6345565749235474,0.6226158427894446
SVM lineal calibrado,0.06904487917146145,0.6345565749235474,0.6222036363870079
SVM lineal calibrado,0.06904487917146145,0.636085626911315,0.6221254006666798
SVM lineal calibrado,0.07019562715765247,0.636085626911315,0.6203888857487788
SVM lineal calibrado,0.07019562715765247,0.6376146788990825,0.6196143224192363
SVM lineal calibrado,0.07249712313003452,0.6376146788990825,0.6167038722867743
SVM lineal calibrado,0.07249712313003452,0.6406727828746177,0.615711520953763
SVM lineal calibrado,0.07364787111622555,0.6406727828746177,0.6145814556361912
SVM lineal calibrado,0.07364787111622555,0.6422018348623854,0.6069249402319672
SVM lineal calibrado,0.07479861910241657,0.6422018348623854,0.6069148466784343
SVM lineal calibrado,0.07479861910241657,0.6574923547400612,0.5989867128205902
SVM lineal calibrado,0.0759493670886076,0.6574923547400612,0.5983304445175254
SVM lineal calibrado,0.0759493670886076,0.6590214067278287,0.596962403000565
SVM lineal calibrado,0.07710011507479862,0.6590214067278287,0.5960232301753204
SVM lineal calibrado,0.07710011507479862,0.6605504587155964,0.5949228305209825
SVM lineal calibrado,0.07940161104718067,0.6605504587155964,0.5941601015990595
SVM lineal calibrado,0.07940161104718067,0.6636085626911316,0.5916253909095963
SVM lineal calibrado,0.0805523590333717,0.6636085626911316,0.5903996622239428
SVM lineal calibrado,0.0805523590333717,0.6651376146788991,0.5895240324912115
SVM lineal calibrado,0.08400460299194476,0.6651376146788991,0.5845804113518595
SVM lineal calibrado,0.08400460299194476,0.6681957186544343,0.5836821587612988
SVM lineal calibrado,0.08630609896432681,0.6681957186544343,0.5827765712287626
SVM lineal calibrado,0.08630609896432681,0.6697247706422018,0.5799581949615257
SVM lineal calibrado,0.08745684695051784,0.6697247706422018,0.5768509100155836
SVM lineal calibrado,0.08745684695051784,0.672782874617737,0.5750872994224819
SVM lineal calibrado,0.08860759493670886,0.672782874617737,0.5746867770338603
SVM lineal calibrado,0.08860759493670886,0.6758409785932722,0.5731254902540436
SVM lineal calibrado,0.08860759493670886,0.6773700305810397,0.5730534315778427
SVM lineal calibrado,0.08975834292289989,0.6773700305810397,0.5723485393283086
SVM lineal calibrado,0.08975834292289989,0.6804281345565749,0.5713684067095602
SVM lineal calibrado,0.09205983889528194,0.6804281345565749,0.5702486594700577
SVM lineal calibrado,0.09205983889528194,0.6834862385321101,0.5678193623096394
SVM lineal calibrado,0.1001150747986191,0.6834862385321101,0.5594902858088883
SVM lineal calibrado,0.1001150747986191,0.6850152905198776,0.5570790166004786
SVM lineal calibrado,0.10126582278481013,0.6850152905198776,0.5566770505704844
SVM lineal calibrado,0.10126582278481013,0.6865443425076453,0.556407436851382
SVM lineal calibrado,0.10241657077100115,0.6865443425076453,0.5552496424970691
SVM lineal calibrado,0.10241657077100115,0.6880733944954128,0.5549801645772579
SVM lineal calibrado,0.10356731875719218,0.6880733944954128,0.5547345163255234
SVM lineal calibrado,0.10356731875719218,0.6896024464831805,0.5539871093923319
SVM lineal calibrado,0.1047180667433832,0.6896024464831805,0.553843624083787
SVM lineal calibrado,0.1047180667433832,0.7018348623853211,0.5441122811153462
SVM lineal calibrado,0.10701956271576525,0.7018348623853211,0.5433674799416247
SVM lineal calibrado,0.10701956271576525,0.7033639143730887,0.5426094221712825
SVM lineal calibrado,0.10817031070195628,0.7033639143730887,0.5421391659485756
SVM lineal calibrado,0.10817031070195628,0.7079510703363915,0.5377698155498898
SVM lineal calibrado,0.1093210586881473,0.7079510703363915,0.5370821766946925
SVM lineal calibrado,0.1093210586881473,0.709480122324159,0.5345427789780569
SVM lineal calibrado,0.11047180667433831,0.709480122324159,0.5343351507071523
SVM lineal calibrado,0.11047180667433831,0.7110091743119266,0.5341557250462493
SVM lineal calibrado,0.11162255466052934,0.7110091743119266,0.5332065875471609
SVM lineal calibrado,0.11162255466052934,0.7125382262996942,0.5302097720643874
SVM lineal calibrado,0.11277330264672036,0.7125382262996942,0.5298094780198966
SVM lineal calibrado,0.11277330264672036,0.7140672782874617,0.5295734286198196
SVM lineal calibrado,0.11392405063291139,0.7140672782874617,0.5280993909991908
SVM lineal calibrado,0.11392405063291139,0.7201834862385321,0.5233355182549491
SVM lineal calibrado,0.11622554660529344,0.7201834862385321,0.5223855890156431
SVM lineal calibrado,0.11622554660529344,0.7217125382262997,0.5221878196132236
SVM lineal calibrado,0.12197928653624857,0.7217125382262997,0.5175698949926674
SVM lineal calibrado,0.12197928653624857,0.7232415902140673,0.5165241269077009
SVM lineal calibrado,0.12313003452243959,0.7232415902140673,0.515475608579473
SVM lineal calibrado,0.12313003452243959,0.7262996941896025,0.513048826700068
SVM lineal calibrado,0.12658227848101267,0.7262996941896025,0.511048572754739
SVM lineal calibrado,0.12658227848101267,0.72782874617737,0.5084977913439438
SVM lineal calibrado,0.1277330264672037,0.72782874617737,0.5080108195348927
SVM lineal calibrado,0.1277330264672037,0.7293577981651376,0.5059873977364181
SVM lineal calibrado,0.13118527042577677,0.7293577981651376,0.5055577450928443
SVM lineal calibrado,0.13118527042577677,0.7308868501529052,0.5026627339342218
SVM lineal calibrado,0.13463751438434982,0.7308868501529052,0.49756564003072673
SVM lineal calibrado,0.13463751438434982,0.7324159021406728,0.4960652166873105
SVM lineal calibrado,0.13578826237054084,0.7324159021406728,0.4949626991989382
SVM lineal calibrado,0.13578826237054084,0.735474006116208,0.4919704340889297
SVM lineal calibrado,0.13924050632911392,0.735474006116208,0.4906870427215777
SVM lineal calibrado,0.13924050632911392,0.7400611620795107,0.4887859328508873
SVM lineal calibrado,0.14154200230149597,0.7400611620795107,0.48815279302718545
SVM lineal calibrado,0.14154200230149597,0.7446483180428135,0.4823046514770601
SVM lineal calibrado,0.14614499424626007,0.7446483180428135,0.48023735801473366
SVM lineal calibrado,0.14614499424626007,0.746177370030581,0.48007304518231875
SVM lineal calibrado,0.14844649021864212,0.746177370030581,0.4799551057181446
SVM lineal calibrado,0.14844649021864212,0.7477064220183486,0.4799009838932952
SVM lineal calibrado,0.15765247410817032,0.7477064220183486,0.47475810784865474
SVM lineal calibrado,0.15765247410817032,0.7507645259938838,0.47385334010418223
SVM lineal calibrado,0.15995397008055237,0.7507645259938838,0.4731508101779773
SVM lineal calibrado,0.1611047180667434,0.7507645259938838,0.47249900246085647
SVM lineal calibrado,0.1611047180667434,0.753822629969419,0.47045329785915707
SVM lineal calibrado,0.16570771001150747,0.753822629969419,0.4691333917925176
SVM lineal calibrado,0.16570771001150747,0.7553516819571865,0.4684582039816518
SVM lineal calibrado,0.16800920598388952,0.7553516819571865,0.4671692590096315
SVM lineal calibrado,0.16800920598388952,0.7584097859327217,0.4656630656531826
SVM lineal calibrado,0.16915995397008055,0.7584097859327217,0.4641442819661763
SVM lineal calibrado,0.16915995397008055,0.7599388379204893,0.4630208812568876
SVM lineal calibrado,0.17491369390103567,0.7599388379204893,0.4593210305969973
SVM lineal calibrado,0.17491369390103567,0.7629969418960245,0.45888053017608077
SVM lineal calibrado,0.17721518987341772,0.7629969418960245,0.4568379556130224
SVM lineal calibrado,0.17721518987341772,0.764525993883792,0.454657815701653
SVM lineal calibrado,0.17836593785960875,0.764525993883792,0.4546232237411572
SVM lineal calibrado,0.17836593785960875,0.7691131498470948,0.45392165817222657
SVM lineal calibrado,0.18181818181818182,0.7691131498470948,0.4528345397713274
SVM lineal calibrado,0.18181818181818182,0.7706422018348624,0.4527205757212766
SVM lineal calibrado,0.18296892980437285,0.7706422018348624,0.4516254584912062
SVM lineal calibrado,0.18296892980437285,0.77217125382263,0.4504129125545071
SVM lineal calibrado,0.19102416570771003,0.77217125382263,0.44479030469974284
SVM lineal calibrado,0.19102416570771003,0.7737003058103975,0.4445515774941209
SVM lineal calibrado,0.19447640966628307,0.7737003058103975,0.44024778877567905
SVM lineal calibrado,0.19447640966628307,0.7782874617737003,0.43728084157253894
SVM lineal calibrado,0.1956271576524741,0.7782874617737003,0.4365138831977336
SVM lineal calibrado,0.1956271576524741,0.7798165137614679,0.43591644115248435
SVM lineal calibrado,0.19677790563866512,0.7798165137614679,0.435543868565981
SVM lineal calibrado,0.19677790563866512,0.7813455657492355,0.4347626270136857
SVM lineal calibrado,0.20138089758342922,0.7813455657492355,0.426243909098073
SVM lineal calibrado,0.20138089758342922,0.7828746177370031,0.4255995089874949
SVM lineal calibrado,0.20368239355581128,0.7828746177370031,0.4252475024033345
SVM lineal calibrado,0.20368239355581128,0.7844036697247706,0.42413910039098646
SVM lineal calibrado,0.21058688147295743,0.7844036697247706,0.42145461441767124
SVM lineal calibrado,0.21288837744533948,0.7844036697247706,0.4210279592145781
SVM lineal calibrado,0.21518987341772153,0.7844036697247706,0.4205674639579233
SVM lineal calibrado,0.21518987341772153,0.7859327217125383,0.41904182456582784
SVM lineal calibrado,0.21634062140391255,0.7859327217125383,0.4189437366748728
SVM lineal calibrado,0.21634062140391255,0.790519877675841,0.4169761784081403
SVM lineal calibrado,0.2186421173762946,0.790519877675841,0.4130668032814189
SVM lineal calibrado,0.2186421173762946,0.7920489296636085,0.4129884430474042
SVM lineal calibrado,0.23130034522439585,0.7920489296636085,0.4080867046990552
SVM lineal calibrado,0.23130034522439585,0.7935779816513762,0.4076540592284635
SVM lineal calibrado,0.2336018411967779,0.7935779816513762,0.40640622889027106
SVM lineal calibrado,0.2336018411967779,0.7996941896024465,0.40187463107015425
SVM lineal calibrado,0.24165707710011508,0.7996941896024465,0.39667194832025515
SVM lineal calibrado,0.24165707710011508,0.8012232415902141,0.39642792988653824
SVM lineal calibrado,0.2428078250863061,0.8012232415902141,0.3959836947655706
SVM lineal calibrado,0.2428078250863061,0.8027522935779816,0.395734037122403
SVM lineal calibrado,0.24626006904487918,0.8027522935779816,0.39250748143778863
SVM lineal calibrado,0.24626006904487918,0.8042813455657493,0.3919244665925987
SVM lineal calibrado,0.2474108170310702,0.8042813455657493,0.3913869458077057
SVM lineal calibrado,0.2474108170310702,0.8058103975535168,0.3913650825282282
SVM lineal calibrado,0.24856156501726123,0.8058103975535168,0.3906935844710202
SVM lineal calibrado,0.24856156501726123,0.808868501529052,0.3871692616144264
SVM lineal calibrado,0.25316455696202533,0.808868501529052,0.3833611853712348
SVM lineal calibrado,0.25316455696202533,0.8103975535168195,0.3830215940547253
SVM lineal calibrado,0.25431530494821636,0.8103975535168195,0.38132467646760143
SVM lineal calibrado,0.25431530494821636,0.8119266055045872,0.3805036931056717
SVM lineal calibrado,0.26237054085155354,0.8119266055045872,0.3773638130546755
SVM lineal calibrado,0.2681242807825086,0.8134556574923547,0.3769129926353545
SVM lineal calibrado,0.2715765247410817,0.8134556574923547,0.37602260025643686
SVM lineal calibrado,0.2715765247410817,0.8149847094801224,0.3747741991816193
SVM lineal calibrado,0.2727272727272727,0.8149847094801224,0.3746583928449574
SVM lineal calibrado,0.2727272727272727,0.8165137614678899,0.37448032487766314
SVM lineal calibrado,0.28308400460299193,0.8165137614678899,0.36749098186172224
SVM lineal calibrado,0.28308400460299193,0.8195718654434251,0.36667209149853514
SVM lineal calibrado,0.2911392405063291,0.8195718654434251,0.3614086974221659
SVM lineal calibrado,0.2911392405063291,0.8211009174311926,0.3609062673279643
SVM lineal calibrado,0.29689298043728424,0.8211009174311926,0.3580681523465879
SVM lineal calibrado,0.29689298043728424,0.8226299694189603,0.357772586179546
SVM lineal calibrado,0.29804372842347526,0.8226299694189603,0.35662684599631916
SVM lineal calibrado,0.3003452243958573,0.8226299694189603,0.35639402978959106
SVM lineal calibrado,0.30149597238204834,0.8226299694189603,0.3547093687412359
SVM lineal calibrado,0.30149597238204834,0.8256880733944955,0.35263147632867503
SVM lineal calibrado,0.3037974683544304,0.8256880733944955,0.3512129586653486
SVM lineal calibrado,0.3037974683544304,0.827217125382263,0.3504626082861275
SVM lineal calibrado,0.31185270425776757,0.827217125382263,0.34483183009824864
SVM lineal calibrado,0.3141542002301496,0.827217125382263,0.3440418285703586
SVM lineal calibrado,0.31530494821634064,0.827217125382263,0.34357794977304973
SVM lineal calibrado,0.3245109321058688,0.8287461773700305,0.3432860380200733
SVM lineal calibrado,0.3245109321058688,0.8318042813455657,0.3427451722658991
SVM lineal calibrado,0.3256616800920598,0.8318042813455657,0.3421304042861657
SVM lineal calibrado,0.3256616800920598,0.8333333333333334,0.34209492639195743
SVM lineal calibrado,0.3394706559263521,0.8333333333333334,0.3372988767216241
SVM lineal calibrado,0.3394706559263521,0.8348623853211009,0.3364709599800222
SVM lineal calibrado,0.34177215189873417,0.8348623853211009,0.3354322243064561
SVM lineal calibrado,0.34177215189873417,0.8363914373088684,0.3345023798198364
SVM lineal calibrado,0.34637514384349827,0.8363914373088684,0.3302022829863027
SVM lineal calibrado,0.34637514384349827,0.8379204892966361,0.3295362026496574
SVM lineal calibrado,0.3532796317606444,0.8379204892966361,0.32713517836754197
SVM lineal calibrado,0.3532796317606444,0.8394495412844036,0.3266153436986843
SVM lineal calibrado,0.3613348676639816,0.8394495412844036,0.32207517458583074
SVM lineal calibrado,0.3613348676639816,0.8440366972477065,0.32114947223169205
SVM lineal calibrado,0.3624856156501726,0.8440366972477065,0.32102960046470913
SVM lineal calibrado,0.3624856156501726,0.845565749235474,0.3199163381876167
SVM lineal calibrado,0.36478711162255467,0.845565749235474,0.31890472992457825
SVM lineal calibrado,0.36478711162255467,0.8470948012232415,0.31801832766478405
SVM lineal calibrado,0.3659378596087457,0.8470948012232415,0.3179023311540101
SVM lineal calibrado,0.3659378596087457,0.8486238532110092,0.3178430325770498
SVM lineal calibrado,0.3693901035673188,0.8486238532110092,0.3161038075144315
SVM lineal calibrado,0.3716915995397008,0.8501529051987767,0.3153604115099944
SVM lineal calibrado,0.3751438434982739,0.8501529051987767,0.3135234885274479
SVM lineal calibrado,0.3751438434982739,0.8516819571865444,0.31221370126057035
SVM lineal calibrado,0.37744533947065595,0.8516819571865444,0.310527017487864
SVM lineal calibrado,0.37744533947065595,0.8562691131498471,0.3081438398176172
SVM lineal calibrado,0.38434982738780205,0.8562691131498471,0.30647232443499106
SVM lineal calibrado,0.38434982738780205,0.8577981651376146,0.3064344402720312
SVM lineal calibrado,0.3912543153049482,0.8577981651376146,0.3030645100331644
SVM lineal calibrado,0.3912543153049482,0.8593272171253823,0.3030599761589674
SVM lineal calibrado,0.39355581127733025,0.8593272171253823,0.3020019093421242
SVM lineal calibrado,0.39355581127733025,0.8608562691131498,0.301612383288083
SVM lineal calibrado,0.39815880322209435,0.8608562691131498,0.30011856645815144
SVM lineal calibrado,0.4004602991944764,0.8608562691131498,0.29937059739397925
SVM lineal calibrado,0.4050632911392405,0.8608562691131498,0.2981776671767459
SVM lineal calibrado,0.4050632911392405,0.8623853211009175,0.2981058234085685
SVM lineal calibrado,0.40736478711162255,0.8623853211009175,0.2973210329130524
SVM lineal calibrado,0.40736478711162255,0.863914373088685,0.29458354944856335
SVM lineal calibrado,0.4085155350978136,0.863914373088685,0.29449572641980654
SVM lineal calibrado,0.4085155350978136,0.8654434250764526,0.29415700952456647
SVM lineal calibrado,0.4108170310701956,0.8654434250764526,0.2932335633758079
SVM lineal calibrado,0.4108170310701956,0.8685015290519877,0.29141048767968875
SVM lineal calibrado,0.42002301495972383,0.8685015290519877,0.28729786677636243
SVM lineal calibrado,0.4234752589182969,0.8685015290519877,0.28604819026735534
SVM lineal calibrado,0.428078250863061,0.8685015290519877,0.2842994928085402
SVM lineal calibrado,0.428078250863061,0.8700305810397554,0.28428315201233395
SVM lineal calibrado,0.4315304948216341,0.8700305810397554,0.28194109373729387
SVM lineal calibrado,0.4315304948216341,0.8730886850152905,0.2815025581927027
SVM lineal calibrado,0.43958573072497126,0.8730886850152905,0.2796961588690299
SVM lineal calibrado,0.43958573072497126,0.8761467889908257,0.2786586591386953
SVM lineal calibrado,0.44649021864211735,0.8761467889908257,0.2752008267445626
SVM lineal calibrado,0.44649021864211735,0.8776758409785933,0.27458825214619625
SVM lineal calibrado,0.4522439585730725,0.8776758409785933,0.2720724478961021
SVM lineal calibrado,0.4522439585730725,0.8792048929663608,0.271662959068365
SVM lineal calibrado,0.4614499424626007,0.8792048929663608,0.2676957088886173
SVM lineal calibrado,0.4614499424626007,0.8807339449541285,0.26713290491129665
SVM lineal calibrado,0.4672036823935558,0.8807339449541285,0.2652207938867793
SVM lineal calibrado,0.4672036823935558,0.882262996941896,0.26480183126763873
SVM lineal calibrado,0.46950517836593786,0.882262996941896,0.264385961796868
SVM lineal calibrado,0.4706559263521289,0.8837920489296636,0.26352269119719024
SVM lineal calibrado,0.4706559263521289,0.8868501529051988,0.2626531090088989
SVM lineal calibrado,0.475258918296893,0.8868501529051988,0.26089707740197926
SVM lineal calibrado,0.475258918296893,0.8914373088685015,0.25883302721334217
SVM lineal calibrado,0.47756041426927504,0.8914373088685015,0.2585684961549248
SVM lineal calibrado,0.47756041426927504,0.8929663608562691,0.25766837846270524
SVM lineal calibrado,0.47871116225546606,0.8929663608562691,0.2567066845776624
SVM lineal calibrado,0.47871116225546606,0.8944954128440367,0.25666710505887086
SVM lineal calibrado,0.4810126582278481,0.8944954128440367,0.2555202512701484
SVM lineal calibrado,0.4810126582278481,0.8975535168195719,0.2537540326262685
SVM lineal calibrado,0.5005753739930955,0.8975535168195719,0.24533541874259232
SVM lineal calibrado,0.5028768699654775,0.8990825688073395,0.24519332525691337
SVM lineal calibrado,0.5051783659378596,0.8990825688073395,0.24482334051526014
SVM lineal calibrado,0.5051783659378596,0.900611620795107,0.24462893745670763
SVM lineal calibrado,0.5074798619102416,0.900611620795107,0.2442476747957282
SVM lineal calibrado,0.5074798619102416,0.9021406727828746,0.24420468048881863
SVM lineal calibrado,0.5132336018411968,0.9021406727828746,0.24197928480187114
SVM lineal calibrado,0.5132336018411968,0.9036697247706422,0.24164554249319883
SVM lineal calibrado,0.5166858457997698,0.9036697247706422,0.24037547351370792
SVM lineal calibrado,0.5166858457997698,0.9051987767584098,0.2397055260881642
SVM lineal calibrado,0.5178365937859609,0.9051987767584098,0.23967509736655304
SVM lineal calibrado,0.5178365937859609,0.9067278287461774,0.2391740074601065
SVM lineal calibrado,0.5373993095512083,0.9067278287461774,0.232385014637606
SVM lineal calibrado,0.5373993095512083,0.9097859327217125,0.2303296806558427
SVM lineal calibrado,0.5431530494821634,0.9097859327217125,0.229011954524567
SVM lineal calibrado,0.5431530494821634,0.9113149847094801,0.2289890014333329
SVM lineal calibrado,0.5454545454545454,0.9113149847094801,0.22834215642350988
SVM lineal calibrado,0.5454545454545454,0.9128440366972477,0.22793111951762332
SVM lineal calibrado,0.5466052934407365,0.9128440366972477,0.22791583953374236
SVM lineal calibrado,0.5466052934407365,0.9143730886850153,0.22665165250342478
SVM lineal calibrado,0.5477560414269275,0.9143730886850153,0.22626942737206923
SVM lineal calibrado,0.5477560414269275,0.9174311926605505,0.22575625157736365
SVM lineal calibrado,0.569620253164557,0.9174311926605505,0.2191740180924793
SVM lineal calibrado,0.569620253164557,0.918960244648318,0.21854093343251788
SVM lineal calibrado,0.57307249712313,0.918960244648318,0.21619342985399093
SVM lineal calibrado,0.5753739930955121,0.9220183486238532,0.21573784960803935
SVM lineal calibrado,0.5788262370540852,0.9220183486238532,0.21511289916158918
SVM lineal calibrado,0.5788262370540852,0.9235474006116208,0.21425424386701475
SVM lineal calibrado,0.5834292289988493,0.9235474006116208,0.21383022604280322
SVM lineal calibrado,0.5834292289988493,0.9250764525993884,0.2136603262069144
SVM lineal calibrado,0.5857307249712314,0.9250764525993884,0.2128413290993143
SVM lineal calibrado,0.5857307249712314,0.926605504587156,0.21219773531449646
SVM lineal calibrado,0.5891829689298044,0.926605504587156,0.21052248102888696
SVM lineal calibrado,0.5891829689298044,0.9281345565749235,0.2104091766044983
SVM lineal calibrado,0.5903337169159953,0.9281345565749235,0.21024543853659486
SVM lineal calibrado,0.5914844649021864,0.9296636085626911,0.2102267729301118
SVM lineal calibrado,0.6006904487917146,0.9296636085626911,0.20643902358769908
SVM lineal calibrado,0.6006904487917146,0.9311926605504587,0.20595827617588777
SVM lineal calibrado,0.6041426927502876,0.9311926605504587,0.2051688162492602
SVM lineal calibrado,0.6041426927502876,0.9327217125382263,0.20472478469169605
SVM lineal calibrado,0.6052934407364787,0.9327217125382263,0.2028952937013159
SVM lineal calibrado,0.6052934407364787,0.9342507645259939,0.20159065118467043
SVM lineal calibrado,0.6075949367088608,0.9342507645259939,0.2007452102123265
SVM lineal calibrado,0.6075949367088608,0.9373088685015291,0.20033994738841496
SVM lineal calibrado,0.6087456846950517,0.9373088685015291,0.20021224408788454
SVM lineal calibrado,0.6110471806674338,0.9373088685015291,0.1990829635328902
SVM lineal calibrado,0.6121979286536249,0.9373088685015291,0.19823379079444456
SVM lineal calibrado,0.6144994246260069,0.9373088685015291,0.1978691075256929
SVM lineal calibrado,0.616800920598389,0.9373088685015291,0.19760095858965787
SVM lineal calibrado,0.616800920598389,0.9388379204892966,0.19609691564130646
SVM lineal calibrado,0.6237054085155351,0.9388379204892966,0.19493767672661952
SVM lineal calibrado,0.6237054085155351,0.9403669724770642,0.19485320521768457
SVM lineal calibrado,0.6294591484464902,0.9403669724770642,0.19375891864377956
SVM lineal calibrado,0.6294591484464902,0.9418960244648318,0.19256681787275975
SVM lineal calibrado,0.6363636363636364,0.9418960244648318,0.19032544129076165
SVM lineal calibrado,0.6363636363636364,0.944954128440367,0.18988722090106114
SVM lineal calibrado,0.6398158803222095,0.944954128440367,0.18892285680821416
SVM lineal calibrado,0.6421173762945915,0.944954128440367,0.18872863584399738
SVM lineal calibrado,0.6513233601841196,0.944954128440367,0.1838242942083841
SVM lineal calibrado,0.6513233601841196,0.9464831804281345,0.183652069529018
SVM lineal calibrado,0.663981588032221,0.9464831804281345,0.17878012969487303
SVM lineal calibrado,0.663981588032221,0.9480122324159022,0.17860880680975155
SVM lineal calibrado,0.666283084004603,0.9480122324159022,0.17830413281680757
SVM lineal calibrado,0.6685845799769851,0.9480122324159022,0.17821414245109227
SVM lineal calibrado,0.6708860759493671,0.9480122324159022,0.1768305781325176
SVM lineal calibrado,0.6708860759493671,0.9495412844036697,0.17651003032908896
SVM lineal calibrado,0.6777905638665133,0.9495412844036697,0.17518197086910037
SVM lineal calibrado,0.6777905638665133,0.9510703363914373,0.1742992830659371
SVM lineal calibrado,0.6789413118527042,0.9510703363914373,0.17424268427456494
SVM lineal calibrado,0.6789413118527042,0.9525993883792049,0.17353374681211556
SVM lineal calibrado,0.6800920598388953,0.9525993883792049,0.17343508260900806
SVM lineal calibrado,0.6800920598388953,0.9541284403669725,0.17239926206527945
SVM lineal calibrado,0.6823935558112774,0.9541284403669725,0.17110531839385468
SVM lineal calibrado,0.6881472957422324,0.9541284403669725,0.1707952057331631
SVM lineal calibrado,0.7065592635212888,0.9541284403669725,0.16683105842400156
SVM lineal calibrado,0.7065592635212888,0.9556574923547401,0.16678252125837656
SVM lineal calibrado,0.7077100115074798,0.9556574923547401,0.16668525478136134
SVM lineal calibrado,0.7100115074798619,0.9556574923547401,0.16616939471606174
SVM lineal calibrado,0.715765247410817,0.9556574923547401,0.16354686058545898
SVM lineal calibrado,0.715765247410817,0.9571865443425076,0.16348687968448236
SVM lineal calibrado,0.7180667433831991,0.9571865443425076,0.16037400657693138
SVM lineal calibrado,0.7180667433831991,0.9587155963302753,0.16007446149803561
SVM lineal calibrado,0.7226697353279632,0.9587155963302753,0.15620559446063592
SVM lineal calibrado,0.7226697353279632,0.9602446483180428,0.15541635707668133
SVM lineal calibrado,0.7295742232451093,0.9602446483180428,0.1516665480821728
SVM lineal calibrado,0.7318757192174914,0.9602446483180428,0.15125255061499446
SVM lineal calibrado,0.7353279631760644,0.9602446483180428,0.14939832070665707
SVM lineal calibrado,0.7376294591484465,0.9602446483180428,0.14897056406923903
SVM lineal calibrado,0.7710011507479861,0.9602446483180428,0.13600308974308234
SVM lineal calibrado,0.7721518987341772,0.9617737003058104,0.13548693236339573
SVM lineal calibrado,0.7756041426927502,0.9617737003058104,0.13435065193663423
SVM lineal calibrado,0.7756041426927502,0.963302752293578,0.13415411093779084
SVM lineal calibrado,0.7813578826237054,0.963302752293578,0.13144022639257288
SVM lineal calibrado,0.7836593785960875,0.963302752293578,0.1313274200425478
SVM lineal calibrado,0.7871116225546605,0.963302752293578,0.12956642207035726
SVM lineal calibrado,0.7871116225546605,0.9648318042813455,0.12805968368049003
SVM lineal calibrado,0.7894131185270425,0.9648318042813455,0.12618865170003474
SVM lineal calibrado,0.7894131185270425,0.9678899082568807,0.1257532753633167
SVM lineal calibrado,0.7905638665132336,0.9678899082568807,0.12532031072491
SVM lineal calibrado,0.7940161104718066,0.9678899082568807,0.12519473740815815
SVM lineal calibrado,0.7963176064441887,0.9678899082568807,0.12501562651048423
SVM lineal calibrado,0.7986191024165707,0.9678899082568807,0.12380838167054575
SVM lineal calibrado,0.7986191024165707,0.9709480122324159,0.12298898133804954
SVM lineal calibrado,0.8032220943613348,0.9709480122324159,0.12179696843506582
SVM lineal calibrado,0.8043728423475259,0.9724770642201835,0.12166493938384419
SVM lineal calibrado,0.8170310701956272,0.9724770642201835,0.11674786707501793
SVM lineal calibrado,0.8170310701956272,0.9740061162079511,0.11645089038452007
SVM lineal calibrado,0.8239355581127733,0.9740061162079511,0.11429976527143752
SVM lineal calibrado,0.8239355581127733,0.9755351681957186,0.11416575651902006
SVM lineal calibrado,0.8296892980437284,0.9755351681957186,0.11258941094136343
SVM lineal calibrado,0.8296892980437284,0.9770642201834863,0.112321909020009
SVM lineal calibrado,0.8388952819332566,0.9770642201834863,0.10859590865031989
SVM lineal calibrado,0.8388952819332566,0.9785932721712538,0.10786334112814738
SVM lineal calibrado,0.856156501726122,0.9785932721712538,0.10232856947046765
SVM lineal calibrado,0.856156501726122,0.9801223241590215,0.1021231887880923
SVM lineal calibrado,0.8619102416570771,0.9801223241590215,0.10067215507245571
SVM lineal calibrado,0.8619102416570771,0.981651376146789,0.10050698951488664
SVM lineal calibrado,0.8711162255466053,0.981651376146789,0.09722515972053869
SVM lineal calibrado,0.8722669735327964,0.9831804281345565,0.09708142731475032
SVM lineal calibrado,0.8734177215189873,0.9831804281345565,0.09698822125720385
SVM lineal calibrado,0.8757192174913694,0.9831804281345565,0.09676268574163298
SVM lineal calibrado,0.8803222094361335,0.9831804281345565,0.09442641575296684
SVM lineal calibrado,0.8826237054085155,0.9831804281345565,0.09439857620920632
SVM lineal calibrado,0.8964326812428078,0.9831804281345565,0.09127220806150364
SVM lineal calibrado,0.8975834292289988,0.9847094801223242,0.09117497513086363
SVM lineal calibrado,0.8998849252013809,0.9847094801223242,0.09048846206461325
SVM lineal calibrado,0.9010356731875719,0.9862385321100917,0.08843374301312142
SVM lineal calibrado,0.9021864211737629,0.9862385321100917,0.08817632100449639
SVM lineal calibrado,0.9021864211737629,0.9877675840978594,0.08793588325679837
SVM lineal calibrado,0.9321058688147296,0.9877675840978594,0.07588308883520906
SVM lineal calibrado,0.9321058688147296,0.9892966360856269,0.07578763592528526
SVM lineal calibrado,0.9332566168009206,0.9892966360856269,0.07433073683630993
SVM lineal calibrado,0.9332566168009206,0.9908256880733946,0.07427223951619057
SVM lineal calibrado,0.9470655926352128,0.9908256880733946,0.06720666257565493
SVM lineal calibrado,0.9470655926352128,0.9938837920489296,0.06695750819165541
SVM lineal calibrado,0.9482163406214039,0.9938837920489296,0.06689159087646097
SVM lineal calibrado,0.9482163406214039,0.9954128440366973,0.06686219621899345
SVM lineal calibrado,0.9620253164556962,0.9954128440366973,0.06081808114419151
SVM lineal calibrado,0.9620253164556962,0.9969418960244648,0.059753557464322184
SVM lineal calibrado,0.9838895281933256,0.9969418960244648,0.048830949072588885
SVM lineal calibrado,0.9838895281933256,1.0,0.047040612834367834
SVM lineal calibrado,1.0,1.0,0.02022429355044264
